ID,id,name,type,kegg,formula,super_class,class,sub_class,family,description,importance,odor_info,source
VOL_00001,β-Damascenone,β-Damascenone,metabolite,,C13H18O,Carotenoid degradation product,Carotenoid degradation product (C13 norisoprenoid),Carotenoid degradation product (C13 norisoprenoid),Carotenoid degradation product,C13降异戊二烯酮类化合物，由β-胡萝卜素或紫黄质经氧化裂解生成，是烟草清香型香气的核心贡献者，香气阈值极低(0.002 ng/L)。,极高 - 烟草甜润果香和花香的标志性成分,浓郁甜香、花香、蜂蜜样、苹果样果香,Flavor_database
VOL_00002,β-Ionone,β-Ionone,metabolite,,C13H20O,Carotenoid degradation product,Carotenoid degradation product (C13 norisoprenoid),Carotenoid degradation product (C13 norisoprenoid),Carotenoid degradation product,"C13环状酮类降异戊二烯，由β-胡萝卜素9,10位裂解生成，具有紫罗兰样花香，是烟草花香调的重要贡献者。",高 - 赋予烟草紫罗兰花香和木香基调,紫罗兰花香、木香、浆果样香气,Flavor_database
VOL_00003,α-Ionone,α-Ionone,metabolite,,C13H20O,Carotenoid degradation product,Carotenoid degradation product (C13 norisoprenoid),Carotenoid degradation product (C13 norisoprenoid),Carotenoid degradation product,α-紫罗兰酮，由α-胡萝卜素裂解生成，具有温暖的紫罗兰-木香，香气较β-紫罗兰酮柔和。,中高 - 增加烟草花香的温暖感,温暖紫罗兰香、木香、轻微果香,Flavor_database
VOL_00004,β-Damascone,β-Damascone,metabolite,,C13H20O,Carotenoid degradation product,Carotenoid degradation product (C13 norisoprenoid),Carotenoid degradation product (C13 norisoprenoid),Carotenoid degradation product,β-大马酮的异构体，具有玫瑰和水果香气，是烟草果香调的重要成分。,高 - 增强烟草玫瑰和果香调,玫瑰花香、李子样果香、茶香,Flavor_database
VOL_00005,α-Damascone,α-Damascone,metabolite,,C13H20O,Carotenoid degradation product,Carotenoid degradation product (C13 norisoprenoid),Carotenoid degradation product (C13 norisoprenoid),Carotenoid degradation product,α-大马酮异构体，具有玫瑰和薄荷样香气，在烟草中含量较低但对香气有修饰作用。,中 - 修饰烟草花香的薄荷调,玫瑰花香、薄荷凉感、果香,Flavor_database
VOL_00006,3-Hydroxy-β-damascone,3-Hydroxy-β-damascone,metabolite,,C13H20O2,Carotenoid degradation product,Carotenoid degradation product (C13 norisoprenoid),Carotenoid degradation product (C13 norisoprenoid),Carotenoid degradation product,β-大马酮的羟基衍生物，是烟草中重要的中性香气成分，具有更浓郁的果香。,高 - 烟草果香的重要贡献者,浓郁果香、李子香、烟草样,Flavor_database
VOL_00007,4-Hydroxy-β-damascone,4-Hydroxy-β-damascone,metabolite,,C13H20O2,Carotenoid degradation product,Carotenoid degradation product (C13 norisoprenoid),Carotenoid degradation product (C13 norisoprenoid),Carotenoid degradation product,β-大马酮的4-羟基衍生物，是烟草陈化和发酵过程中产生的重要香气前体。,中高 - 烟草陈化香气的贡献者,甜润果香、花香、烟草本香,Flavor_database
VOL_00008,Megastigmatrienone,Megastigmatrienone,metabolite,,C13H18O,Carotenoid degradation product,Carotenoid degradation product (C13 norisoprenoid),Carotenoid degradation product (C13 norisoprenoid),Carotenoid degradation product,巨豆三烯酮，由GGPP衍生或类胡萝卜素裂解产生的C13酮类，是烟草甜香和烘烤香的重要前体。,极高 - 烟草甜香和木香的核心成分,甜香、木香、坚果香、烤香,Flavor_database
VOL_00009,Megastigmatrienone B,Megastigmatrienone B,metabolite,,C13H18O,Carotenoid degradation product,Carotenoid degradation product (C13 norisoprenoid),Carotenoid degradation product (C13 norisoprenoid),Carotenoid degradation product,巨豆三烯酮B异构体，在雪茄烟叶发酵中含量显著增加，是甜香的主要贡献者之一。,高 - 增强烟草甜香和坚果香,甜香、坚果香、轻微木香,Flavor_database
VOL_00010,Megastigmatrienone C,Megastigmatrienone C,metabolite,,C13H18O,Carotenoid degradation product,Carotenoid degradation product (C13 norisoprenoid),Carotenoid degradation product (C13 norisoprenoid),Carotenoid degradation product,巨豆三烯酮C异构体，与B异构体协同贡献烟草甜香。,高 - 与其他异构体协同增强甜香,甜香、干草香、轻微烟草香,Flavor_database
VOL_00011,Theaspirone,Theaspirone,metabolite,,C10H16O2,Carotenoid degradation product,Carotenoid degradation product (C13 norisoprenoid),Carotenoid degradation product (C13 norisoprenoid),Carotenoid degradation product,茶螺烷酮，由类胡萝卜素裂解产生的C10双环醚酮，具有茶香和木香。,中 - 增加烟草茶香和木香,茶香、木香、花香,Flavor_database
VOL_00012,Theaspirane A,Theaspirane A,metabolite,,C10H18O,Carotenoid degradation product,Carotenoid degradation product (C13 norisoprenoid),Carotenoid degradation product (C13 norisoprenoid),Carotenoid degradation product,茶螺烷A，C10双环醚类化合物，具有独特的茶香和花香。,中 - 贡献烟草茶香调,茶香、花香、甜香,Flavor_database
VOL_00013,Theaspirane B,Theaspirane B,metabolite,,C10H18O,Carotenoid degradation product,Carotenoid degradation product (C13 norisoprenoid),Carotenoid degradation product (C13 norisoprenoid),Carotenoid degradation product,茶螺烷B，茶螺烷A的异构体，香气特征相似。,中 - 与A异构体协同贡献茶香,茶香、薄荷凉感、花香,Flavor_database
VOL_00014,3-Oxo-α-ionol,3-Oxo-α-ionol,metabolite,,C13H20O2,Carotenoid degradation product,Carotenoid degradation product (C13 norisoprenoid),Carotenoid degradation product (C13 norisoprenoid),Carotenoid degradation product,α-紫罗兰醇的氧化产物，是烟草中重要的C13降异戊二烯醇酮。,中高 - 烟草果香和木香的贡献者,果香、木香、轻微花香,Flavor_database
VOL_00015,"3-Oxo-7,8-dihydro-α-ionol","3-Oxo-7,8-dihydro-α-ionol",metabolite,,C13H22O2,Carotenoid degradation product,Carotenoid degradation product (C13 norisoprenoid),Carotenoid degradation product (C13 norisoprenoid),Carotenoid degradation product,"3-氧代-7,8-二氢-α-紫罗兰醇，是烟草发酵中由3-氧代-α-紫罗兰醇还原生成。",中 - 增加烟草木香和甜香,木香、甜香、轻微果香,Flavor_database
VOL_00016,Grasshopper ketone,Grasshopper ketone,metabolite,,C13H18O2,Carotenoid degradation product,Carotenoid degradation product (C13 norisoprenoid),Carotenoid degradation product (C13 norisoprenoid),Carotenoid degradation product,蚱蜢酮，由新黄质裂解产生的C13酮类，是β-大马酮等重要香气物质的前体。,中高 - 重要香气前体物质,甜香、果香、轻微青草香,Flavor_database
VOL_00017,Blumenol A,Blumenol A,metabolite,,C13H22O3,Carotenoid degradation product,Carotenoid degradation product (C13 norisoprenoid),Carotenoid degradation product (C13 norisoprenoid),Carotenoid degradation product,布卢门醇A，C13降异戊二烯醇，由叶黄素裂解产生，具有木香和甜香。,中 - 烟草木香和甜香的贡献者,木香、甜香、轻微果香,Flavor_database
VOL_00018,Brevicomins,Brevicomins,metabolite,,C10H16O2,Carotenoid degradation product,Carotenoid degradation product (C13 norisoprenoid),Carotenoid degradation product (C13 norisoprenoid),Carotenoid degradation product,短尾酮类化合物，由类胡萝卜素裂解产生的C10双环酮醇，具有甜香和果香。,中 - 增加烟草甜香和果香,甜香、果香、木香,Flavor_database
VOL_00019,Vomifoliol,Vomifoliol,metabolite,,C13H20O3,Carotenoid degradation product,Carotenoid degradation product (C13 norisoprenoid),Carotenoid degradation product (C13 norisoprenoid),Carotenoid degradation product,催吐醇，C13降异戊二烯三醇，是β-大马酮等香气物质的氧化前体。,中 - 重要香气前体,微弱果香、木香,Flavor_database
VOL_00020,"4,4-Dihydroxy-β-ionone","4,4-Dihydroxy-β-ionone",metabolite,,C13H20O3,Carotenoid degradation product,Carotenoid degradation product (C13 norisoprenoid),Carotenoid degradation product (C13 norisoprenoid),Carotenoid degradation product,"4,4-二羟基-β-紫罗兰酮，β-紫罗兰酮的双羟基衍生物。",中 - 香气前体物质,微弱花香、木香,Flavor_database
VOL_00021,3-Hydroxy-β-ionone,3-Hydroxy-β-ionone,metabolite,,C13H20O2,Carotenoid degradation product,Carotenoid degradation product (C13 norisoprenoid),Carotenoid degradation product (C13 norisoprenoid),Carotenoid degradation product,3-羟基-β-紫罗兰酮，β-紫罗兰酮的羟基衍生物，是烟草中重要的香气前体。,中高 - 重要香气前体和修饰剂,花香、果香、木香,Flavor_database
VOL_00022,β-Damascenone glycoside precursor,β-Damascenone glycoside precursor,metabolite,,C19H28O8,Carotenoid degradation product,Carotenoid degradation product (C13 norisoprenoid),Carotenoid degradation product (C13 norisoprenoid),Carotenoid degradation product,β-大马酮糖苷前体，在发酵过程中经糖苷酶水解释放游离β-大马酮。,高 - 重要香气前体库,无直接香气(糖苷态)，水解后释放甜花香,Flavor_database
VOL_00023,3-Hydroxydamascone,3-Hydroxydamascone,metabolite,,C13H20O2,Carotenoid degradation product,Carotenoid degradation product (C13 norisoprenoid),Carotenoid degradation product (C13 norisoprenoid),Carotenoid degradation product,3-羟基大马酮，大马酮的羟基衍生物，具有果香和花香。,中 - 增强烟草果香,果香、花香、甜香,Flavor_database
VOL_00024,3-Oxo-α-ionone,3-Oxo-α-ionone,metabolite,,C13H18O2,Carotenoid degradation product,Carotenoid degradation product (C13 norisoprenoid),Carotenoid degradation product (C13 norisoprenoid),Carotenoid degradation product,3-氧代-α-紫罗兰酮，α-紫罗兰酮的氧化产物。,中 - 香气修饰剂,花香、木香、轻微果香,Flavor_database
VOL_00025,3-Oxo-β-ionone,3-Oxo-β-ionone,metabolite,,C13H18O2,Carotenoid degradation product,Carotenoid degradation product (C13 norisoprenoid),Carotenoid degradation product (C13 norisoprenoid),Carotenoid degradation product,3-氧代-β-紫罗兰酮，β-紫罗兰酮的氧化产物。,中 - 香气修饰剂,花香、木香、果香,Flavor_database
VOL_00026,4-Hydroxy-β-ionone,4-Hydroxy-β-ionone,metabolite,,C13H20O2,Carotenoid degradation product,Carotenoid degradation product (C13 norisoprenoid),Carotenoid degradation product (C13 norisoprenoid),Carotenoid degradation product,4-羟基-β-紫罗兰酮，β-紫罗兰酮的4位羟基衍生物。,中 - 香气前体,花香、木香,Flavor_database
VOL_00027,4-Oxo-β-ionone,4-Oxo-β-ionone,metabolite,,C13H18O2,Carotenoid degradation product,Carotenoid degradation product (C13 norisoprenoid),Carotenoid degradation product (C13 norisoprenoid),Carotenoid degradation product,4-氧代-β-紫罗兰酮，β-紫罗兰酮的4位氧化产物。,中 - 香气修饰剂,花香、木香、轻微烟草香,Flavor_database
VOL_00028,Dihydroactinidiolide,Dihydroactinidiolide,metabolite,,C11H16O2,Carotenoid degradation product,Carotenoid degradation product (C13 norisoprenoid),Carotenoid degradation product (C13 norisoprenoid),Carotenoid degradation product,二氢猕猴桃内酯，由β-胡萝卜素裂解产生的C11内酯，具有木香和麝香。,高 - 烟草木香和麝香的重要贡献者,木香、麝香、杏子样果香,Flavor_database
VOL_00029,Actinorhodin-related norisoprenoid,Actinorhodin-related norisoprenoid,metabolite,,C11H14O2,Carotenoid degradation product,Carotenoid degradation product (C13 norisoprenoid),Carotenoid degradation product (C13 norisoprenoid),Carotenoid degradation product,C11降异戊二烯内酯类，与二氢猕猴桃内酯结构相似。,中 - 修饰烟草木香,木香、轻微果香,Flavor_database
VOL_00030,Megastigmatrienol,Megastigmatrienol,metabolite,,C13H20O,Carotenoid degradation product,Carotenoid degradation product (C13 norisoprenoid),Carotenoid degradation product (C13 norisoprenoid),Carotenoid degradation product,巨豆三烯醇，巨豆三烯酮的还原产物，具有甜香和木香。,中高 - 增强烟草甜香,甜香、木香、轻微果香,Flavor_database
VOL_00031,Megastigmadienone,Megastigmadienone,metabolite,,C13H18O,Carotenoid degradation product,Carotenoid degradation product (C13 norisoprenoid),Carotenoid degradation product (C13 norisoprenoid),Carotenoid degradation product,巨豆二烯酮，巨豆三烯酮脱氢产物。,中 - 修饰烟草甜香,甜香、木香、烤香,Flavor_database
VOL_00032,Norisoprenoid C14 (β-Damascone epoxide),Norisoprenoid C14 (β-Damascone epoxide),metabolite,,C13H20O2,Carotenoid degradation product,Carotenoid degradation product (C13 norisoprenoid),Carotenoid degradation product (C13 norisoprenoid),Carotenoid degradation product,β-大马酮环氧化物，由β-大马酮环氧化生成。,中 - 香气前体,微弱花香、甜香,Flavor_database
VOL_00033,β-Ionone epoxide,β-Ionone epoxide,metabolite,,C13H20O2,Carotenoid degradation product,Carotenoid degradation product (C13 norisoprenoid),Carotenoid degradation product (C13 norisoprenoid),Carotenoid degradation product,β-紫罗兰酮环氧化物，β-紫罗兰酮的环氧化产物。,中 - 香气前体,花香、木香,Flavor_database
VOL_00034,α-Ionol,α-Ionol,metabolite,,C13H22O,Carotenoid degradation product,Carotenoid degradation product (C13 norisoprenoid),Carotenoid degradation product (C13 norisoprenoid),Carotenoid degradation product,α-紫罗兰醇，α-紫罗兰酮的还原产物。,中 - 香气前体,花香、木香、甜香,Flavor_database
VOL_00035,β-Ionol,β-Ionol,metabolite,,C13H22O,Carotenoid degradation product,Carotenoid degradation product (C13 norisoprenoid),Carotenoid degradation product (C13 norisoprenoid),Carotenoid degradation product,β-紫罗兰醇，β-紫罗兰酮的还原产物。,中 - 香气前体,花香、果香、甜香,Flavor_database
VOL_00036,3-Hydroxy-α-ionol,3-Hydroxy-α-ionol,metabolite,,C13H22O2,Carotenoid degradation product,Carotenoid degradation product (C13 norisoprenoid),Carotenoid degradation product (C13 norisoprenoid),Carotenoid degradation product,3-羟基-α-紫罗兰醇，α-紫罗兰醇的羟基衍生物。,中 - 香气前体,花香、木香,Flavor_database
VOL_00037,3-Hydroxy-β-ionol,3-Hydroxy-β-ionol,metabolite,,C13H22O2,Carotenoid degradation product,Carotenoid degradation product (C13 norisoprenoid),Carotenoid degradation product (C13 norisoprenoid),Carotenoid degradation product,3-羟基-β-紫罗兰醇，β-紫罗兰醇的羟基衍生物。,中 - 香气前体,花香、果香,Flavor_database
VOL_00038,"3-Hydroxy-7,8-dehydro-β-ionol","3-Hydroxy-7,8-dehydro-β-ionol",metabolite,,C13H20O2,Carotenoid degradation product,Carotenoid degradation product (C13 norisoprenoid),Carotenoid degradation product (C13 norisoprenoid),Carotenoid degradation product,"3-羟基-7,8-脱氢-β-紫罗兰醇。",中 - 香气前体,花香、木香,Flavor_database
VOL_00039,6-Hydroxy-α-ionol,6-Hydroxy-α-ionol,metabolite,,C13H22O2,Carotenoid degradation product,Carotenoid degradation product (C13 norisoprenoid),Carotenoid degradation product (C13 norisoprenoid),Carotenoid degradation product,6-羟基-α-紫罗兰醇。,中 - 香气前体,花香、木香,Flavor_database
VOL_00040,6-Hydroxy-α-ionone,6-Hydroxy-α-ionone,metabolite,,C13H20O2,Carotenoid degradation product,Carotenoid degradation product (C13 norisoprenoid),Carotenoid degradation product (C13 norisoprenoid),Carotenoid degradation product,6-羟基-α-紫罗兰酮。,中 - 香气前体,花香、木香,Flavor_database
VOL_00041,Blumenol B,Blumenol B,metabolite,,C13H22O3,Carotenoid degradation product,Carotenoid degradation product (C13 norisoprenoid),Carotenoid degradation product (C13 norisoprenoid),Carotenoid degradation product,布卢门醇B，布卢门醇A的异构体。,中 - 香气前体,木香、甜香,Flavor_database
VOL_00042,Blumenol C,Blumenol C,metabolite,,C13H20O3,Carotenoid degradation product,Carotenoid degradation product (C13 norisoprenoid),Carotenoid degradation product (C13 norisoprenoid),Carotenoid degradation product,布卢门醇C，C13降异戊二烯醇。,中 - 香气前体,木香、果香,Flavor_database
VOL_00043,"7,8-Dihydrovomifoliol","7,8-Dihydrovomifoliol",metabolite,,C13H22O3,Carotenoid degradation product,Carotenoid degradation product (C13 norisoprenoid),Carotenoid degradation product (C13 norisoprenoid),Carotenoid degradation product,"7,8-二氢催吐醇，催吐醇的还原产物。",中 - 香气前体,微弱果香、木香,Flavor_database
VOL_00044,Dehydrovomifoliol,Dehydrovomifoliol,metabolite,,C13H18O3,Carotenoid degradation product,Carotenoid degradation product (C13 norisoprenoid),Carotenoid degradation product (C13 norisoprenoid),Carotenoid degradation product,脱氢催吐醇，催吐醇的氧化产物。,中 - 香气前体,微弱果香,Flavor_database
VOL_00045,"4-Hydroxy-4,5-dihydro-β-ionone","4-Hydroxy-4,5-dihydro-β-ionone",metabolite,,C13H22O2,Carotenoid degradation product,Carotenoid degradation product (C13 norisoprenoid),Carotenoid degradation product (C13 norisoprenoid),Carotenoid degradation product,"4-羟基-4,5-二氢-β-紫罗兰酮。",中 - 香气前体,花香、木香,Flavor_database
VOL_00046,"3-Hydroxy-5,6-epoxy-β-ionone","3-Hydroxy-5,6-epoxy-β-ionone",metabolite,,C13H20O3,Carotenoid degradation product,Carotenoid degradation product (C13 norisoprenoid),Carotenoid degradation product (C13 norisoprenoid),Carotenoid degradation product,"3-羟基-5,6-环氧-β-紫罗兰酮。",中 - 香气前体,花香、果香,Flavor_database
VOL_00047,β-Ionyl acetate,β-Ionyl acetate,metabolite,,C15H24O2,Carotenoid degradation product,Carotenoid degradation product (C13 norisoprenoid),Carotenoid degradation product (C13 norisoprenoid),Carotenoid degradation product,β-紫罗兰醇乙酸酯，糖苷水解后的酯化产物。,中 - 香气修饰剂,花香、果香、甜香,Flavor_database
VOL_00048,Megastigmatrienone D,Megastigmatrienone D,metabolite,,C13H18O,Carotenoid degradation product,Carotenoid degradation product (C13 norisoprenoid),Carotenoid degradation product (C13 norisoprenoid),Carotenoid degradation product,巨豆三烯酮D异构体。,高 - 增强烟草甜香,甜香、木香、烤香,Flavor_database
VOL_00049,Megastigmatrienone E,Megastigmatrienone E,metabolite,,C13H18O,Carotenoid degradation product,Carotenoid degradation product (C13 norisoprenoid),Carotenoid degradation product (C13 norisoprenoid),Carotenoid degradation product,巨豆三烯酮E异构体。,中高 - 增强烟草甜香,甜香、干草香,Flavor_database
VOL_00050,Solanone,Solanone,metabolite,,C13H22O,Cembranoid degradation product,Cembranoid degradation product,Cembranoid degradation product,Cembranoid degradation product,茄酮，烟草特有的西柏烷类C13酮类化合物，由西柏三烯醇氧化裂解生成，是烟草清甜香的特征成分。,极高 - 烟草清甜香和果甜香的特征成分,新鲜胡萝卜样甜香、果甜香、轻微辛香,Flavor_database
VOL_00051,Solanone epoxide,Solanone epoxide,metabolite,,C13H22O2,Cembranoid degradation product,Cembranoid degradation product,Cembranoid degradation product,Cembranoid degradation product,茄酮环氧化物，茄酮的环氧化产物，具有甜香和果香。,高 - 增强烟草甜香和果香,甜香、果香、轻微青香,Flavor_database
VOL_00052,Nor-solanone,Nor-solanone,metabolite,,C12H20O,Cembranoid degradation product,Cembranoid degradation product,Cembranoid degradation product,Cembranoid degradation product,降茄酮，茄酮脱甲基产物，香气更浓郁。,中高 - 增强烟草甜香,甜香、果香、辛香,Flavor_database
VOL_00053,Solanol,Solanol,metabolite,,C13H24O,Cembranoid degradation product,Cembranoid degradation product,Cembranoid degradation product,Cembranoid degradation product,茄醇，茄酮的还原产物，具有甜香和木香。,中高 - 增强烟草甜香,甜香、木香、轻微果香,Flavor_database
VOL_00054,Solanolanone,Solanolanone,metabolite,,C13H20O2,Cembranoid degradation product,Cembranoid degradation product,Cembranoid degradation product,Cembranoid degradation product,茄兰酮，西柏烷类降解产物，具有甜香和木香。,中 - 增强烟草甜香,甜香、木香、烤香,Flavor_database
VOL_00055,Cembranatriene,Cembranatriene,metabolite,,C20H32,Cembranoid degradation product,Cembranoid degradation product,Cembranoid degradation product,Cembranoid degradation product,西柏三烯，C20二萜烯烃，是西柏烷类化合物的前体。,中高 - 西柏烷类香气前体,微弱树脂香、木香,Flavor_database
VOL_00056,Cembratriene-diol,Cembratriene-diol,metabolite,,C20H34O2,Cembranoid degradation product,Cembranoid degradation product,Cembranoid degradation product,Cembranoid degradation product,西柏三烯二醇，C20二萜二醇，是茄酮等重要香气物质的前体。,极高 - 重要香气前体库,微弱甜香、木香,Flavor_database
VOL_00057,Cembratriene-triol,Cembratriene-triol,metabolite,,C20H34O3,Cembranoid degradation product,Cembranoid degradation product,Cembranoid degradation product,Cembranoid degradation product,西柏三烯三醇，西柏三烯二醇的进一步羟基化产物。,高 - 香气前体,微弱甜香,Flavor_database
VOL_00058,Cembratrienol,Cembratrienol,metabolite,,C20H34O,Cembranoid degradation product,Cembranoid degradation product,Cembranoid degradation product,Cembranoid degradation product,西柏三烯醇，C20二萜醇。,中高 - 香气前体,微弱木香、甜香,Flavor_database
VOL_00059,Tabanone (α-Cembrenediol derivative),Tabanone (α-Cembrenediol derivative),metabolite,,C14H22O2,Cembranoid degradation product,Cembranoid degradation product,Cembranoid degradation product,Cembranoid degradation product,Tabanone，西柏烷类降解产生的C14酮醇，是烟草特有香气成分。,高 - 烟草特有香气,甜香、木香、烤烟香,Flavor_database
VOL_00060,Nor-tabanone,Nor-tabanone,metabolite,,C13H20O2,Cembranoid degradation product,Cembranoid degradation product,Cembranoid degradation product,Cembranoid degradation product,降Tabanone，Tabanone脱甲基产物。,中高 - 增强烟草甜香,甜香、木香,Flavor_database
VOL_00061,Solanone glycoside precursor,Solanone glycoside precursor,metabolite,,C19H32O6,Cembranoid degradation product,Cembranoid degradation product,Cembranoid degradation product,Cembranoid degradation product,茄酮糖苷前体，发酵过程中经糖苷酶水解释放游离茄酮。,高 - 重要香气前体库,无直接香气(糖苷态),Flavor_database
VOL_00062,Cembratriene oxide,Cembratriene oxide,metabolite,,C20H34O,Cembranoid degradation product,Cembranoid degradation product,Cembranoid degradation product,Cembranoid degradation product,西柏三烯氧化物。,中 - 香气前体,微弱木香、树脂香,Flavor_database
VOL_00063,Cembratriene-diol epoxide,Cembratriene-diol epoxide,metabolite,,C20H34O3,Cembranoid degradation product,Cembranoid degradation product,Cembranoid degradation product,Cembranoid degradation product,西柏三烯二醇环氧化物。,中 - 香气前体,微弱甜香,Flavor_database
VOL_00064,Solanone diol,Solanone diol,metabolite,,C13H24O2,Cembranoid degradation product,Cembranoid degradation product,Cembranoid degradation product,Cembranoid degradation product,茄酮二醇，茄酮的还原产物。,中 - 香气前体,甜香、木香,Flavor_database
VOL_00065,Nor-solanol,Nor-solanol,metabolite,,C12H22O,Cembranoid degradation product,Cembranoid degradation product,Cembranoid degradation product,Cembranoid degradation product,降茄醇，降茄酮的还原产物。,中 - 香气前体,甜香、木香,Flavor_database
VOL_00066,Solanone aldehyde,Solanone aldehyde,metabolite,,C13H20O2,Cembranoid degradation product,Cembranoid degradation product,Cembranoid degradation product,Cembranoid degradation product,茄酮醛，茄酮氧化的中间产物。,中 - 香气前体,甜香、青香,Flavor_database
VOL_00067,Cembranoid acid,Cembranoid acid,metabolite,,C20H34O3,Cembranoid degradation product,Cembranoid degradation product,Cembranoid degradation product,Cembranoid degradation product,西柏烷酸，西柏三烯二醇的氧化产物。,中 - 香气前体,微弱木香,Flavor_database
VOL_00068,Cembrene A,Cembrene A,metabolite,,C20H32,Cembranoid degradation product,Cembranoid degradation product,Cembranoid degradation product,Cembranoid degradation product,西柏烯A，C20二萜烯烃。,中 - 香气前体,树脂香、木香,Flavor_database
VOL_00069,Cembrene C,Cembrene C,metabolite,,C20H32,Cembranoid degradation product,Cembranoid degradation product,Cembranoid degradation product,Cembranoid degradation product,西柏烯C，西柏烯A的异构体。,中 - 香气前体,树脂香、木香,Flavor_database
VOL_00070,Neophytadiene (diterpene hydrocarbon),Neophytadiene (diterpene hydrocarbon),metabolite,,C20H38,Cembranoid degradation product / Diterpene,Cembranoid degradation product / Diterpene,Cembranoid degradation product / Diterpene,Cembranoid degradation product / Diterpene,新植二烯，C20二烯烃，是烟草中含量最高的香气物质之一，本身无香气但能显著提升烟气醇和度和香气量。,极高 - 提升烟气香气量和醇和度,无显著香气，但增加烟气整体香气浓度,Flavor_database
VOL_00071,Phytol,Phytol,metabolite,,C20H40O,Cembranoid degradation product / Diterpene,Cembranoid degradation product / Diterpene,Cembranoid degradation product / Diterpene,Cembranoid degradation product / Diterpene,叶绿醇，C20二萜醇，是叶绿素的侧链成分，发酵中释放后可转化为新植二烯。,高 - 新植二烯前体,微弱花香、木香,Flavor_database
VOL_00072,Phytol acetate,Phytol acetate,metabolite,,C22H42O2,Cembranoid degradation product / Diterpene,Cembranoid degradation product / Diterpene,Cembranoid degradation product / Diterpene,Cembranoid degradation product / Diterpene,叶绿醇乙酸酯。,中 - 香气修饰剂,微弱花香、甜香,Flavor_database
VOL_00073,Isophytol,Isophytol,metabolite,,C20H40O,Cembranoid degradation product / Diterpene,Cembranoid degradation product / Diterpene,Cembranoid degradation product / Diterpene,Cembranoid degradation product / Diterpene,异叶绿醇，叶绿醇的异构体。,中 - 香气前体,微弱花香,Flavor_database
VOL_00074,2-Acetylfuran,2-Acetylfuran,metabolite,,C6H6O2,Maillard reaction product,Maillard reaction product (Furan),Maillard reaction product (Furan),Maillard reaction product,2-乙酰呋喃，美拉德反应产物，由糖类热降解或发酵中微生物转化生成，具有甜香和烘烤香。,高 - 烟草甜香和烘烤香的重要贡献者,甜香、焦糖香、烘烤香、烟熏香,Flavor_database
VOL_00075,2-Acetylpyrrole,2-Acetylpyrrole,metabolite,,C6H7NO,Maillard reaction product,Maillard reaction product (Pyrrole),Maillard reaction product (Pyrrole),Maillard reaction product,2-乙酰吡咯，美拉德反应产物，由脯氨酸与还原糖反应生成，具有甜香和坚果香。,中高 - 增强烟草甜香和坚果香,甜香、坚果香、面包香,Flavor_database
VOL_00076,5-Methylfurfural,5-Methylfurfural,metabolite,,C6H6O2,Maillard reaction product,Maillard reaction product (Furan),Maillard reaction product (Furan),Maillard reaction product,5-甲基糠醛，由6-脱氧糖(如鼠李糖)热降解或发酵生成，具有甜香和焦糖香。,高 - 烟草甜香和焦糖香的贡献者,甜香、焦糖香、辛香、烤香,Flavor_database
VOL_00077,Furfural,Furfural,metabolite,C01510,C5H4O2,Maillard reaction product,Maillard reaction product (Furan),Maillard reaction product (Furan),Maillard reaction product,糠醛，由戊糖(如木糖)酸催化脱水或微生物发酵生成，是烟草烘烤香的核心成分。,极高 - 烟草烘烤香和甜香的核心成分,甜香、焦糖香、面包香、杏仁香,Flavor_database
VOL_00078,2-Furfuryl alcohol,2-Furfuryl alcohol,metabolite,,C5H6O2,Maillard reaction product,Maillard reaction product (Furan),Maillard reaction product (Furan),Maillard reaction product,糠醇，糠醛的还原产物，具有焦糖香和烘烤香。,高 - 烟草烘烤香的贡献者,焦糖香、烘烤香、甜香、烟熏香,Flavor_database
VOL_00079,2-Acetyl-1-pyrroline,2-Acetyl-1-pyrroline,metabolite,,C6H9NO,Maillard reaction product,Maillard reaction product (Pyrroline),Maillard reaction product (Pyrroline),Maillard reaction product,2-乙酰-1-吡咯啉，美拉德反应产物，具有极强的爆米花香，香气阈值极低。,极高 - 烟草爆米花香和烤香的特征成分,爆米花香、烤面包香、坚果香,Flavor_database
VOL_00080,2-Acetylthiazole,2-Acetylthiazole,metabolite,,C5H5NOS,Maillard reaction product,Maillard reaction product (Thiazole),Maillard reaction product (Thiazole),Maillard reaction product,2-乙酰噻唑，由半胱氨酸和糖的美拉德反应生成，具有坚果香和烤香。,高 - 烟草坚果香和烤香的贡献者,坚果香、烤香、吡嗪样香,Flavor_database
VOL_00081,2-Acetyl-2-thiazoline,2-Acetyl-2-thiazoline,metabolite,,C5H7NOS,Maillard reaction product,Maillard reaction product (Thiazoline),Maillard reaction product (Thiazoline),Maillard reaction product,2-乙酰-2-噻唑啉，由半胱氨酸和糖的美拉德反应生成，具有烤香和坚果香。,高 - 烟草烤香的特征成分,烤香、坚果香、爆米花香,Flavor_database
VOL_00082,Furfuryl thiol (2-Furanmethanethiol),Furfuryl thiol (2-Furanmethanethiol),metabolite,,C5H6OS,Maillard reaction product,Maillard reaction product (Furan thiol),Maillard reaction product (Furan thiol),Maillard reaction product,糠硫醇，由半胱氨酸-糠醛加合物降解或微生物转化生成，具有极强的咖啡香和烤香。,极高 - 烟草咖啡香和烤香的特征成分,咖啡香、烤香、肉香、洋葱样香,Flavor_database
VOL_00083,Pyrazine,Pyrazine,metabolite,,C4H4N2,Maillard reaction product,Maillard reaction product (Pyrazine),Maillard reaction product (Pyrazine),Maillard reaction product,吡嗪，最简单的吡嗪类化合物，由两个氨基乙醛缩合生成，具有坚果香和烤香。,中 - 烟草烤香的基础成分,坚果香、烤香、甜香,Flavor_database
VOL_00084,2-Methylpyrazine,2-Methylpyrazine,metabolite,,C5H6N2,Maillard reaction product,Maillard reaction product (Pyrazine),Maillard reaction product (Pyrazine),Maillard reaction product,2-甲基吡嗪，由苏氨酸和糖的美拉德反应生成，具有坚果香和烤香。,高 - 烟草坚果香和烤香的贡献者,坚果香、烤香、可可香,Flavor_database
VOL_00085,"2,3-Dimethylpyrazine","2,3-Dimethylpyrazine",metabolite,,C6H8N2,Maillard reaction product,Maillard reaction product (Pyrazine),Maillard reaction product (Pyrazine),Maillard reaction product,"2,3-二甲基吡嗪，由苏氨酸和丙氨酸的美拉德反应生成，具有坚果香和烤香。",高 - 烟草坚果香和烤香的贡献者,坚果香、烤香、土香,Flavor_database
VOL_00086,"2,5-Dimethylpyrazine","2,5-Dimethylpyrazine",metabolite,,C6H8N2,Maillard reaction product,Maillard reaction product (Pyrazine),Maillard reaction product (Pyrazine),Maillard reaction product,"2,5-二甲基吡嗪，由苏氨酸自缩合或与丙氨酸反应生成，具有坚果香和烤香。",高 - 烟草坚果香和烤香的核心成分,坚果香、烤香、可可香、土豆香,Flavor_database
VOL_00087,"2,6-Dimethylpyrazine","2,6-Dimethylpyrazine",metabolite,,C6H8N2,Maillard reaction product,Maillard reaction product (Pyrazine),Maillard reaction product (Pyrazine),Maillard reaction product,"2,6-二甲基吡嗪，2,5-二甲基吡嗉的异构体。",中高 - 增强烟草坚果香,坚果香、烤香、咖啡香,Flavor_database
VOL_00088,"2,3,5-Trimethylpyrazine","2,3,5-Trimethylpyrazine",metabolite,,C7H10N2,Maillard reaction product,Maillard reaction product (Pyrazine),Maillard reaction product (Pyrazine),Maillard reaction product,"2,3,5-三甲基吡嗪，由苏氨酸、丙氨酸和缬氨酸的美拉德反应生成，具有坚果香和烤香。",高 - 烟草坚果香和烤香的重要贡献者,坚果香、烤香、土豆香、土香,Flavor_database
VOL_00089,"2,3,5,6-Tetramethylpyrazine","2,3,5,6-Tetramethylpyrazine",metabolite,,C8H12N2,Maillard reaction product,Maillard reaction product (Pyrazine),Maillard reaction product (Pyrazine),Maillard reaction product,"2,3,5,6-四甲基吡嗪(川芎嗪)，由丙酮醛和氨基乙醛缩合或微生物发酵生成，具有坚果香和烤香。",高 - 烟草坚果香和烤香的贡献者,坚果香、烤香、发酵香,Flavor_database
VOL_00090,"2-Ethyl-3,5-dimethylpyrazine","2-Ethyl-3,5-dimethylpyrazine",metabolite,,C8H12N2,Maillard reaction product,Maillard reaction product (Pyrazine),Maillard reaction product (Pyrazine),Maillard reaction product,"2-乙基-3,5-二甲基吡嗪，由苏氨酸、丙氨酸和异亮氨酸的美拉德反应生成。",极高 - 香气阈值极低，对烤香贡献大,坚果香、烤香、土香、咖啡香,Flavor_database
VOL_00091,"2-Ethyl-3,6-dimethylpyrazine","2-Ethyl-3,6-dimethylpyrazine",metabolite,,C8H12N2,Maillard reaction product,Maillard reaction product (Pyrazine),Maillard reaction product (Pyrazine),Maillard reaction product,"2-乙基-3,6-二甲基吡嗪，2-乙基-3,5-二甲基吡嗪的异构体。",极高 - 香气阈值极低,坚果香、烤香、咖啡香,Flavor_database
VOL_00092,2-Ethyl-5-methylpyrazine,2-Ethyl-5-methylpyrazine,metabolite,,C7H10N2,Maillard reaction product,Maillard reaction product (Pyrazine),Maillard reaction product (Pyrazine),Maillard reaction product,2-乙基-5-甲基吡嗪。,中高 - 增强烟草烤香,坚果香、烤香,Flavor_database
VOL_00093,2-Ethyl-6-methylpyrazine,2-Ethyl-6-methylpyrazine,metabolite,,C7H10N2,Maillard reaction product,Maillard reaction product (Pyrazine),Maillard reaction product (Pyrazine),Maillard reaction product,2-乙基-6-甲基吡嗪。,中高 - 增强烟草烤香,坚果香、烤香,Flavor_database
VOL_00094,2-Ethylpyrazine,2-Ethylpyrazine,metabolite,,C6H8N2,Maillard reaction product,Maillard reaction product (Pyrazine),Maillard reaction product (Pyrazine),Maillard reaction product,2-乙基吡嗪。,中 - 增强烟草烤香,坚果香、烤香、甜香,Flavor_database
VOL_00095,Acetylpyrazine,Acetylpyrazine,metabolite,,C6H6N2O,Maillard reaction product,Maillard reaction product (Pyrazine),Maillard reaction product (Pyrazine),Maillard reaction product,乙酰吡嗪，吡嗪的乙酰衍生物，具有坚果香和爆米花香。,中高 - 增强烟草爆米花香,坚果香、爆米花香、烤香,Flavor_database
VOL_00096,"2,3-Diethylpyrazine","2,3-Diethylpyrazine",metabolite,,C8H12N2,Maillard reaction product,Maillard reaction product (Pyrazine),Maillard reaction product (Pyrazine),Maillard reaction product,"2,3-二乙基吡嗪。",高 - 香气阈值低,坚果香、烤香、土香,Flavor_database
VOL_00097,"2,3-Diethyl-5-methylpyrazine","2,3-Diethyl-5-methylpyrazine",metabolite,,C9H14N2,Maillard reaction product,Maillard reaction product (Pyrazine),Maillard reaction product (Pyrazine),Maillard reaction product,"2,3-二乙基-5-甲基吡嗪，香气阈值极低。",极高 - 香气阈值极低,坚果香、烤香、咖啡香,Flavor_database
VOL_00098,"2,5-Diethylpyrazine","2,5-Diethylpyrazine",metabolite,,C8H12N2,Maillard reaction product,Maillard reaction product (Pyrazine),Maillard reaction product (Pyrazine),Maillard reaction product,"2,5-二乙基吡嗪。",中高 - 增强烟草烤香,坚果香、烤香,Flavor_database
VOL_00099,"2,3,5-Trimethyl-6-ethylpyrazine","2,3,5-Trimethyl-6-ethylpyrazine",metabolite,,C9H14N2,Maillard reaction product,Maillard reaction product (Pyrazine),Maillard reaction product (Pyrazine),Maillard reaction product,"2,3,5-三甲基-6-乙基吡嗪。",中高 - 增强烟草烤香,坚果香、烤香、土香,Flavor_database
VOL_00100,Methoxypyrazine,Methoxypyrazine,metabolite,,C5H6N2O,Maillard reaction product,Maillard reaction product (Pyrazine),Maillard reaction product (Pyrazine),Maillard reaction product,甲氧基吡嗪，具有青椒样香气。,极高 - 香气阈值极低,青椒香、土香、青草香,Flavor_database
VOL_00101,2-Methoxy-3-isopropylpyrazine,2-Methoxy-3-isopropylpyrazine,metabolite,,C8H12N2O,Maillard reaction product,Maillard reaction product (Pyrazine),Maillard reaction product (Pyrazine),Maillard reaction product,2-甲氧基-3-异丙基吡嗪，具有极强的青椒香。,极高 - 香气阈值极低(0.002 ng/L),青椒香、土豆香、土香,Flavor_database
VOL_00102,2-Methoxy-3-isobutylpyrazine,2-Methoxy-3-isobutylpyrazine,metabolite,,C9H14N2O,Maillard reaction product,Maillard reaction product (Pyrazine),Maillard reaction product (Pyrazine),Maillard reaction product,2-甲氧基-3-异丁基吡嗪，具有极强的青椒香(铃兰香)。,极高 - 香气阈值极低(0.002 ng/L),青椒香、铃兰香、土香,Flavor_database
VOL_00103,2-Methoxy-3-sec-butylpyrazine,2-Methoxy-3-sec-butylpyrazine,metabolite,,C9H14N2O,Maillard reaction product,Maillard reaction product (Pyrazine),Maillard reaction product (Pyrazine),Maillard reaction product,2-甲氧基-3-仲丁基吡嗪。,高 - 香气阈值极低,青椒香、土香,Flavor_database
VOL_00104,"4-Hydroxy-2,5-dimethyl-3(2H)-furanone (HDMF, Furaneol)","4-Hydroxy-2,5-dimethyl-3(2H)-furanone (HDMF, Furaneol)",metabolite,,C6H8O3,Maillard reaction product,Maillard reaction product (Furanone),Maillard reaction product (Furanone),Maillard reaction product,"4-羟基-2,5-二甲基-3(2H)-呋喃酮(呋喃酮)，由6-脱氧糖或鼠李糖代谢生成，具有草莓样甜香和焦糖香。",极高 - 烟草甜香和焦糖香的核心成分,草莓香、焦糖香、甜香、菠萝香,Flavor_database
VOL_00105,"4-Methoxy-2,5-dimethyl-3(2H)-furanone (DMMF)","4-Methoxy-2,5-dimethyl-3(2H)-furanone (DMMF)",metabolite,,C7H10O3,Maillard reaction product,Maillard reaction product (Furanone),Maillard reaction product (Furanone),Maillard reaction product,"4-甲氧基-2,5-二甲基-3(2H)-呋喃酮，HDMF的甲基化产物，具有更浓郁的甜香。",高 - 增强烟草甜香和果香,甜香、焦糖香、果香、茴香,Flavor_database
VOL_00106,2-Ethyl-4-hydroxy-5-methyl-3(2H)-furanone (Homofuraneol),2-Ethyl-4-hydroxy-5-methyl-3(2H)-furanone (Homofuraneol),metabolite,,C7H10O3,Maillard reaction product,Maillard reaction product (Furanone),Maillard reaction product (Furanone),Maillard reaction product,2-乙基-4-羟基-5-甲基-3(2H)-呋喃酮(高呋喃酮)，HDMF的乙基同系物。,高 - 增强烟草甜香和焦糖香,甜香、焦糖香、枫糖香、果香,Flavor_database
VOL_00107,"2,5-Dimethyl-4-methoxy-3(2H)-furanone","2,5-Dimethyl-4-methoxy-3(2H)-furanone",metabolite,,C7H10O3,Maillard reaction product,Maillard reaction product (Furanone),Maillard reaction product (Furanone),Maillard reaction product,"2,5-二甲基-4-甲氧基-3(2H)-呋喃酮。",中高 - 增强烟草甜香,甜香、焦糖香、茴香,Flavor_database
VOL_00108,"Sotolone (3-Hydroxy-4,5-dimethyl-2(5H)-furanone)","Sotolone (3-Hydroxy-4,5-dimethyl-2(5H)-furanone)",metabolite,,C6H8O3,Maillard reaction product,Maillard reaction product (Furanone),Maillard reaction product (Furanone),Maillard reaction product,"Sotolone(3-羟基-4,5-二甲基-2(5H)-呋喃酮)，由α-酮丁酸缩合生成，具有极强的枫糖香。",极高 - 香气阈值极低，烟草甜香和枫糖香的贡献者,枫糖香、咖喱香、甜香,Flavor_database
VOL_00109,Maltol,Maltol,metabolite,C06174,C6H6O3,Maillard reaction product,Maillard reaction product (Pyranone),Maillard reaction product (Pyranone),Maillard reaction product,麦芽酚，由淀粉或糖类热降解或微生物发酵生成，具有甜香和焦糖香。,高 - 烟草甜香和焦糖香的贡献者,甜香、焦糖香、棉花糖香、果香,Flavor_database
VOL_00110,Ethylmaltol,Ethylmaltol,metabolite,,C7H8O3,Maillard reaction product,Maillard reaction product (Pyranone),Maillard reaction product (Pyranone),Maillard reaction product,乙基麦芽酚，麦芽酚的乙基同系物，甜香更强。,中高 - 增强烟草甜香,甜香、焦糖香、果香,Flavor_database
VOL_00111,Cyclotene (3-Methyl-2-cyclopenten-2-ol-1-one),Cyclotene (3-Methyl-2-cyclopenten-2-ol-1-one),metabolite,,C6H8O2,Maillard reaction product,Maillard reaction product (Cyclopentenone),Maillard reaction product (Cyclopentenone),Maillard reaction product,Cyclotene(3-甲基-2-环戊烯-2-醇-1-酮)，由糖类热降解生成，具有焦糖香和枫糖香。,高 - 烟草焦糖香和枫糖香的贡献者,焦糖香、枫糖香、甜香、烟熏香,Flavor_database
VOL_00112,3-Methyl-2-cyclopenten-2-ol-1-one,3-Methyl-2-cyclopenten-2-ol-1-one,metabolite,,C6H8O2,Maillard reaction product,Maillard reaction product (Cyclopentenone),Maillard reaction product (Cyclopentenone),Maillard reaction product,3-甲基-2-环戊烯-2-醇-1-酮，与Cyclotene结构相似。,高 - 烟草焦糖香的贡献者,焦糖香、甜香、烟熏香,Flavor_database
VOL_00113,2-Methyl-3-furanthiol,2-Methyl-3-furanthiol,metabolite,,C5H6OS,Maillard reaction product,Maillard reaction product (Furan thiol),Maillard reaction product (Furan thiol),Maillard reaction product,2-甲基-3-呋喃硫醇，由半胱氨酸-呋喃加合物降解或微生物转化生成，具有肉香和烤香。,极高 - 香气阈值极低，烟草肉香的贡献者,肉香、烤香、牛肉汤香,Flavor_database
VOL_00114,Methional (3-(Methylthio)propanal),Methional (3-(Methylthio)propanal),metabolite,,C4H8OS,Maillard reaction product,Maillard reaction product (Sulfur aldehyde),Maillard reaction product (Sulfur aldehyde),Maillard reaction product,甲硫醛，由蛋氨酸经转氨和脱羧生成，具有煮土豆香。,极高 - 香气阈值极低，烟草煮土豆香的贡献者,煮土豆香、番茄香、肉汤香,Flavor_database
VOL_00115,Methionol (3-(Methylthio)-1-propanol),Methionol (3-(Methylthio)-1-propanol),metabolite,,C4H10OS,Maillard reaction product,Maillard reaction product (Sulfur alcohol),Maillard reaction product (Sulfur alcohol),Maillard reaction product,甲硫醇，甲硫醛的还原产物，具有肉汤香和甜香。,高 - 烟草肉汤香的贡献者,肉汤香、甜香、土豆香,Flavor_database
VOL_00116,Phenylacetaldehyde,Phenylacetaldehyde,metabolite,C00538,C8H8O,Maillard reaction product,Maillard reaction product (Aromatic aldehyde),Maillard reaction product (Aromatic aldehyde),Maillard reaction product,苯乙醛，由苯丙氨酸经转氨和脱羧生成，具有蜂蜜香和花香。,极高 - 烟草蜂蜜香和花香的贡献者,蜂蜜香、花香、玫瑰香,Flavor_database
VOL_00117,3-Methylbutanal,3-Methylbutanal,metabolite,,C5H10O,Maillard reaction product,Maillard reaction product (Aldehyde),Maillard reaction product (Aldehyde),Maillard reaction product,3-甲基丁醛，由亮氨酸经转氨和脱羧生成，具有麦芽香和巧克力香。,极高 - 烟草麦芽香和巧克力香的贡献者,麦芽香、巧克力香、果香,Flavor_database
VOL_00118,2-Methylbutanal,2-Methylbutanal,metabolite,,C5H10O,Maillard reaction product,Maillard reaction product (Aldehyde),Maillard reaction product (Aldehyde),Maillard reaction product,2-甲基丁醛，由异亮氨酸经转氨和脱羧生成，具有麦芽香和果香。,高 - 烟草麦芽香的贡献者,麦芽香、果香、巧克力香,Flavor_database
VOL_00119,Phenylethanol (2-Phenylethanol),Phenylethanol (2-Phenylethanol),metabolite,,C8H10O,Phenylpropanoid/benzenoid compound,Phenylpropanoid/benzenoid compound,Phenylpropanoid/benzenoid compound,Phenylpropanoid/benzenoid compound,苯乙醇，由苯丙氨酸经转氨、脱羧和还原生成，是烟草玫瑰花香的核心成分。,极高 - 烟草玫瑰花香的核心成分,玫瑰花香、甜香、蜂蜜香,Flavor_database
VOL_00120,Benzaldehyde,Benzaldehyde,metabolite,C00261,C7H6O,Phenylpropanoid/benzenoid compound,Phenylpropanoid/benzenoid compound,Phenylpropanoid/benzenoid compound,Phenylpropanoid/benzenoid compound,苯甲醛，由苯丙氨酸经转氨和脱羧或扁桃酸途径生成，具有杏仁香。,高 - 烟草杏仁香的贡献者,杏仁香、樱桃香、甜香,Flavor_database
VOL_00121,Benzyl alcohol,Benzyl alcohol,metabolite,C00566,C7H8O,Phenylpropanoid/benzenoid compound,Phenylpropanoid/benzenoid compound,Phenylpropanoid/benzenoid compound,Phenylpropanoid/benzenoid compound,苯甲醇，由苯甲醛还原或苯丙氨酸代谢生成，具有甜香和花香。,高 - 烟草甜香和花香的贡献者,甜香、花香、果香、轻微茉莉香,Flavor_database
VOL_00122,Methyl salicylate,Methyl salicylate,metabolite,,C8H8O3,Phenylpropanoid/benzenoid compound,Phenylpropanoid/benzenoid compound,Phenylpropanoid/benzenoid compound,Phenylpropanoid/benzenoid compound,水杨酸甲酯，由水杨酸甲基化生成，具有冬青油样香气。,高 - 烟草冬青油香的贡献者,冬青油香、甜香、薄荷凉感,Flavor_database
VOL_00123,Eugenol,Eugenol,metabolite,C03251,C10H12O2,Phenylpropanoid/benzenoid compound,Phenylpropanoid/benzenoid compound,Phenylpropanoid/benzenoid compound,Phenylpropanoid/benzenoid compound,丁香酚，由苯丙氨酸经阿魏酸途径生成，具有丁香样辛香。,高 - 烟草丁香香的贡献者,丁香香、辛香、甜香、木香,Flavor_database
VOL_00124,Isoeugenol,Isoeugenol,metabolite,,C10H12O2,Phenylpropanoid/benzenoid compound,Phenylpropanoid/benzenoid compound,Phenylpropanoid/benzenoid compound,Phenylpropanoid/benzenoid compound,异丁香酚，丁香酚的异构体，具有更柔和的丁香香。,中高 - 增强烟草丁香香,丁香香、辛香、花香、甜香,Flavor_database
VOL_00125,Vanillin,Vanillin,metabolite,C00755,C8H8O3,Phenylpropanoid/benzenoid compound,Phenylpropanoid/benzenoid compound,Phenylpropanoid/benzenoid compound,Phenylpropanoid/benzenoid compound,香兰素，由阿魏酸经侧链降解或微生物转化生成，具有香荚兰豆香。,极高 - 烟草香荚兰豆香的核心成分,香荚兰豆香、甜香、奶油香,Flavor_database
VOL_00126,Acetovanillone (Apocynin),Acetovanillone (Apocynin),metabolite,,C9H10O3,Phenylpropanoid/benzenoid compound,Phenylpropanoid/benzenoid compound,Phenylpropanoid/benzenoid compound,Phenylpropanoid/benzenoid compound,乙酰香草酮，由阿魏酸氧化降解生成，具有甜香和香荚兰豆香。,中高 - 增强烟草香荚兰豆香,甜香、香荚兰豆香、轻微辛香,Flavor_database
VOL_00127,4-Vinylguaiacol,4-Vinylguaiacol,metabolite,,C9H10O2,Phenylpropanoid/benzenoid compound,Phenylpropanoid/benzenoid compound,Phenylpropanoid/benzenoid compound,Phenylpropanoid/benzenoid compound,4-乙烯基愈创木酚，由阿魏酸脱羧生成，具有丁香香和辛香。,高 - 烟草丁香香的贡献者,丁香香、辛香、烟熏香、甜香,Flavor_database
VOL_00128,Guaiacol,Guaiacol,metabolite,C01489,C7H8O2,Phenylpropanoid/benzenoid compound,Phenylpropanoid/benzenoid compound,Phenylpropanoid/benzenoid compound,Phenylpropanoid/benzenoid compound,愈创木酚，由阿魏酸或芥子酸降解生成，具有烟熏香和辛香。,高 - 烟草烟熏香的贡献者,烟熏香、辛香、甜香、药香,Flavor_database
VOL_00129,4-Ethylguaiacol,4-Ethylguaiacol,metabolite,,C9H12O2,Phenylpropanoid/benzenoid compound,Phenylpropanoid/benzenoid compound,Phenylpropanoid/benzenoid compound,Phenylpropanoid/benzenoid compound,4-乙基愈创木酚，由4-乙烯基愈创木酚还原生成，具有烟熏香和丁香香。,高 - 烟草烟熏香和丁香香的贡献者,烟熏香、丁香香、辛香、甜香,Flavor_database
VOL_00130,4-Methylguaiacol (Creosol),4-Methylguaiacol (Creosol),metabolite,,C8H10O2,Phenylpropanoid/benzenoid compound,Phenylpropanoid/benzenoid compound,Phenylpropanoid/benzenoid compound,Phenylpropanoid/benzenoid compound,4-甲基愈创木酚，由阿魏酸脱羧和还原生成，具有烟熏香和甜香。,中高 - 增强烟草烟熏香,烟熏香、甜香、辛香,Flavor_database
VOL_00131,Cinnamaldehyde,Cinnamaldehyde,metabolite,,C9H8O,Phenylpropanoid/benzenoid compound,Phenylpropanoid/benzenoid compound,Phenylpropanoid/benzenoid compound,Phenylpropanoid/benzenoid compound,肉桂醛，由苯丙氨酸经PAL和β-氧化生成，具有肉桂样辛香。,中高 - 烟草肉桂香的贡献者,肉桂香、辛香、甜香、木香,Flavor_database
VOL_00132,Cinnamyl alcohol,Cinnamyl alcohol,metabolite,,C9H10O,Phenylpropanoid/benzenoid compound,Phenylpropanoid/benzenoid compound,Phenylpropanoid/benzenoid compound,Phenylpropanoid/benzenoid compound,肉桂醇，肉桂醛的还原产物，具有甜香和花香。,中 - 增强烟草甜香和花香,甜香、花香、肉桂香、树脂香,Flavor_database
VOL_00133,Methyl cinnamate,Methyl cinnamate,metabolite,,C10H10O2,Phenylpropanoid/benzenoid compound,Phenylpropanoid/benzenoid compound,Phenylpropanoid/benzenoid compound,Phenylpropanoid/benzenoid compound,肉桂酸甲酯，由肉桂酸甲基化生成，具有甜香和果香。,中 - 增强烟草甜香和果香,甜香、果香、草莓香、树脂香,Flavor_database
VOL_00134,Ethyl cinnamate,Ethyl cinnamate,metabolite,,C11H12O2,Phenylpropanoid/benzenoid compound,Phenylpropanoid/benzenoid compound,Phenylpropanoid/benzenoid compound,Phenylpropanoid/benzenoid compound,肉桂酸乙酯，由肉桂酸和乙醇酯化生成，具有甜香和果香。,中 - 增强烟草甜香和果香,甜香、果香、琥珀香、树脂香,Flavor_database
VOL_00135,2-Phenylethyl acetate,2-Phenylethyl acetate,metabolite,,C10H12O2,Phenylpropanoid/benzenoid compound,Phenylpropanoid/benzenoid compound,Phenylpropanoid/benzenoid compound,Phenylpropanoid/benzenoid compound,苯乙醇乙酸酯，由苯乙醇和乙酰CoA酯化生成，具有玫瑰花香和果香。,高 - 烟草玫瑰花香的贡献者,玫瑰花香、果香、甜香、蜂蜜香,Flavor_database
VOL_00136,Benzyl acetate,Benzyl acetate,metabolite,,C9H10O2,Phenylpropanoid/benzenoid compound,Phenylpropanoid/benzenoid compound,Phenylpropanoid/benzenoid compound,Phenylpropanoid/benzenoid compound,乙酸苄酯，由苯甲醇和乙酰CoA酯化生成，具有茉莉花香和果香。,中高 - 增强烟草茉莉花香,茉莉花香、果香、甜香,Flavor_database
VOL_00137,4-Hydroxybenzaldehyde,4-Hydroxybenzaldehyde,metabolite,,C7H6O2,Phenylpropanoid/benzenoid compound,Phenylpropanoid/benzenoid compound,Phenylpropanoid/benzenoid compound,Phenylpropanoid/benzenoid compound,对羟基苯甲醛，由酪氨酸代谢或对香豆酸降解生成，具有甜香和轻微杏仁香。,中高 - 烟草甜香的贡献者,甜香、轻微杏仁香、香荚兰豆香,Flavor_database
VOL_00138,Salicylaldehyde,Salicylaldehyde,metabolite,,C7H6O2,Phenylpropanoid/benzenoid compound,Phenylpropanoid/benzenoid compound,Phenylpropanoid/benzenoid compound,Phenylpropanoid/benzenoid compound,水杨醛，由邻羟基苯甲醇氧化或水杨酸还原生成，具有辛香和杏仁香。,中 - 增强烟草辛香,辛香、杏仁香、甜香,Flavor_database
VOL_00139,Phenol,Phenol,metabolite,,C6H6O,Phenylpropanoid/benzenoid compound,Phenylpropanoid/benzenoid compound,Phenylpropanoid/benzenoid compound,Phenylpropanoid/benzenoid compound,苯酚，由苯甲酸脱羧或酪氨酸代谢生成，具有酚味和烟熏香。,中 - 烟草烟熏香的贡献者,酚味、烟熏香、药香,Flavor_database
VOL_00140,Cresol (p-Cresol),Cresol (p-Cresol),metabolite,,C7H8O,Phenylpropanoid/benzenoid compound,Phenylpropanoid/benzenoid compound,Phenylpropanoid/benzenoid compound,Phenylpropanoid/benzenoid compound,甲酚(对甲酚)，由酪氨酸经4-羟基苯乙酸途径生成，具有酚味和烟熏香。,中 - 烟草烟熏香的贡献者,酚味、烟熏香、药香、皮革香,Flavor_database
VOL_00141,4-Ethylphenol,4-Ethylphenol,metabolite,,C8H10O,Phenylpropanoid/benzenoid compound,Phenylpropanoid/benzenoid compound,Phenylpropanoid/benzenoid compound,Phenylpropanoid/benzenoid compound,4-乙基苯酚，由4-乙烯基苯酚还原生成，具有酚味和烟熏香。,中高 - 烟草烟熏香的贡献者,酚味、烟熏香、皮革香、药香,Flavor_database
VOL_00142,4-Vinylphenol,4-Vinylphenol,metabolite,,C8H8O,Phenylpropanoid/benzenoid compound,Phenylpropanoid/benzenoid compound,Phenylpropanoid/benzenoid compound,Phenylpropanoid/benzenoid compound,4-乙烯基苯酚，由对香豆酸脱羧生成，具有酚味和烟熏香。,中高 - 烟草烟熏香的贡献者,酚味、烟熏香、药香,Flavor_database
VOL_00143,p-Coumaric acid,p-Coumaric acid,metabolite,,C9H8O3,Phenylpropanoid/benzenoid compound,Phenylpropanoid/benzenoid compound,Phenylpropanoid/benzenoid compound,Phenylpropanoid/benzenoid compound,对香豆酸，由酪氨酸经TAL脱氨生成，是苯丙烷类代谢的重要中间体。,高 - 苯丙烷类代谢枢纽,微弱辛香、甜香,Flavor_database
VOL_00144,Ferulic acid,Ferulic acid,metabolite,C01494,C10H10O4,Phenylpropanoid/benzenoid compound,Phenylpropanoid/benzenoid compound,Phenylpropanoid/benzenoid compound,Phenylpropanoid/benzenoid compound,阿魏酸，由对香豆酸3-羟基化和甲基化生成，是木质素和香兰素的前体。,高 - 木质素和香兰素前体,微弱辛香、甜香,Flavor_database
VOL_00145,Sinapic acid,Sinapic acid,metabolite,,C11H12O5,Phenylpropanoid/benzenoid compound,Phenylpropanoid/benzenoid compound,Phenylpropanoid/benzenoid compound,Phenylpropanoid/benzenoid compound,芥子酸，由阿魏酸进一步羟基化和甲基化生成。,中高 - 木质素前体,微弱辛香,Flavor_database
VOL_00146,Caffeic acid,Caffeic acid,metabolite,C01197,C9H8O4,Phenylpropanoid/benzenoid compound,Phenylpropanoid/benzenoid compound,Phenylpropanoid/benzenoid compound,Phenylpropanoid/benzenoid compound,咖啡酸，由对香豆酸3-羟基化生成，是阿魏酸和木质素的前体。,中高 - 苯丙烷类代谢中间体,微弱辛香,Flavor_database
VOL_00147,Cinnamic acid,Cinnamic acid,metabolite,C00423,C9H8O2,Phenylpropanoid/benzenoid compound,Phenylpropanoid/benzenoid compound,Phenylpropanoid/benzenoid compound,Phenylpropanoid/benzenoid compound,肉桂酸，由苯丙氨酸经PAL脱氨生成，是苯丙烷类代谢的起始化合物。,高 - 苯丙烷类代谢枢纽,微弱辛香、甜香,Flavor_database
VOL_00148,p-Hydroxybenzyl alcohol,p-Hydroxybenzyl alcohol,metabolite,,C7H8O2,Phenylpropanoid/benzenoid compound,Phenylpropanoid/benzenoid compound,Phenylpropanoid/benzenoid compound,Phenylpropanoid/benzenoid compound,对羟基苯甲醇，由对羟基苯甲醛还原生成。,中 - 香气前体,微弱甜香、花香,Flavor_database
VOL_00149,Syringaldehyde,Syringaldehyde,metabolite,,C9H10O4,Phenylpropanoid/benzenoid compound,Phenylpropanoid/benzenoid compound,Phenylpropanoid/benzenoid compound,Phenylpropanoid/benzenoid compound,丁香醛，由芥子酸β-氧化降解生成，具有甜香和香荚兰豆香。,中高 - 烟草甜香的贡献者,甜香、香荚兰豆香、辛香,Flavor_database
VOL_00150,Acetosyringone,Acetosyringone,metabolite,,C10H12O4,Phenylpropanoid/benzenoid compound,Phenylpropanoid/benzenoid compound,Phenylpropanoid/benzenoid compound,Phenylpropanoid/benzenoid compound,乙酰丁香酮，由芥子酸β-氧化降解生成，具有甜香和辛香。,中 - 增强烟草甜香,甜香、辛香、香荚兰豆香,Flavor_database
VOL_00151,Syringol,Syringol,metabolite,,C8H10O2,Phenylpropanoid/benzenoid compound,Phenylpropanoid/benzenoid compound,Phenylpropanoid/benzenoid compound,Phenylpropanoid/benzenoid compound,"丁香酚(2,6-二甲氧基苯酚)，由芥子酸降解生成，具有烟熏香和辛香。",中 - 烟草烟熏香的贡献者,烟熏香、辛香、甜香,Flavor_database
VOL_00152,4-Methylsyringol,4-Methylsyringol,metabolite,,C9H12O2,Phenylpropanoid/benzenoid compound,Phenylpropanoid/benzenoid compound,Phenylpropanoid/benzenoid compound,Phenylpropanoid/benzenoid compound,4-甲基丁香酚，丁香酚的甲基衍生物。,中 - 增强烟草烟熏香,烟熏香、辛香、甜香,Flavor_database
VOL_00153,4-Ethylsyringol,4-Ethylsyringol,metabolite,,C10H14O2,Phenylpropanoid/benzenoid compound,Phenylpropanoid/benzenoid compound,Phenylpropanoid/benzenoid compound,Phenylpropanoid/benzenoid compound,4-乙基丁香酚，丁香酚的乙基衍生物。,中 - 增强烟草烟熏香,烟熏香、辛香、甜香,Flavor_database
VOL_00154,4-Vinylsyringol,4-Vinylsyringol,metabolite,,C10H12O2,Phenylpropanoid/benzenoid compound,Phenylpropanoid/benzenoid compound,Phenylpropanoid/benzenoid compound,Phenylpropanoid/benzenoid compound,4-乙烯基丁香酚，由芥子酸脱羧生成。,中 - 香气前体,烟熏香、辛香,Flavor_database
VOL_00155,"Veratrole (1,2-Dimethoxybenzene)","Veratrole (1,2-Dimethoxybenzene)",metabolite,,C8H10O2,Phenylpropanoid/benzenoid compound,Phenylpropanoid/benzenoid compound,Phenylpropanoid/benzenoid compound,Phenylpropanoid/benzenoid compound,"藜芦醚(1,2-二甲氧基苯)，由愈创木酚甲基化生成。",中 - 增强烟草甜香,甜香、烟熏香、辛香,Flavor_database
VOL_00156,Veratraldehyde,Veratraldehyde,metabolite,,C9H10O3,Phenylpropanoid/benzenoid compound,Phenylpropanoid/benzenoid compound,Phenylpropanoid/benzenoid compound,Phenylpropanoid/benzenoid compound,藜芦醛，由香兰素甲基化生成，具有甜香和香荚兰豆香。,中 - 增强烟草香荚兰豆香,甜香、香荚兰豆香、辛香,Flavor_database
VOL_00157,Veratryl alcohol,Veratryl alcohol,metabolite,,C9H12O3,Phenylpropanoid/benzenoid compound,Phenylpropanoid/benzenoid compound,Phenylpropanoid/benzenoid compound,Phenylpropanoid/benzenoid compound,藜芦醇，藜芦醛的还原产物。,中 - 香气前体,微弱甜香、花香,Flavor_database
VOL_00158,Homovanillic acid,Homovanillic acid,metabolite,,C9H10O4,Phenylpropanoid/benzenoid compound,Phenylpropanoid/benzenoid compound,Phenylpropanoid/benzenoid compound,Phenylpropanoid/benzenoid compound,高香草酸，由阿魏酸β-氧化生成。,中 - 代谢中间体,微弱辛香,Flavor_database
VOL_00159,Protocatechuic acid,Protocatechuic acid,metabolite,,C7H6O4,Phenylpropanoid/benzenoid compound,Phenylpropanoid/benzenoid compound,Phenylpropanoid/benzenoid compound,Phenylpropanoid/benzenoid compound,原儿茶酸，由对香豆酸或咖啡酸降解生成。,中 - 代谢中间体,微弱酸味,Flavor_database
VOL_00160,Vanillic acid,Vanillic acid,metabolite,C06622,C8H8O4,Phenylpropanoid/benzenoid compound,Phenylpropanoid/benzenoid compound,Phenylpropanoid/benzenoid compound,Phenylpropanoid/benzenoid compound,香草酸，由阿魏酸β-氧化或香兰素氧化生成。,中高 - 香兰素代谢中间体,微弱香荚兰豆香、酸味,Flavor_database
VOL_00161,Syringic acid,Syringic acid,metabolite,,C9H10O5,Phenylpropanoid/benzenoid compound,Phenylpropanoid/benzenoid compound,Phenylpropanoid/benzenoid compound,Phenylpropanoid/benzenoid compound,丁香酸，由芥子酸β-氧化或丁香醛氧化生成。,中 - 代谢中间体,微弱酸味,Flavor_database
VOL_00162,Coniferyl aldehyde,Coniferyl aldehyde,metabolite,,C10H10O3,Phenylpropanoid/benzenoid compound,Phenylpropanoid/benzenoid compound,Phenylpropanoid/benzenoid compound,Phenylpropanoid/benzenoid compound,松柏醛，由阿魏酸还原或苯丙烷类代谢生成，是木质素和丁香酚的前体。,中高 - 木质素前体,微弱辛香、甜香,Flavor_database
VOL_00163,Coniferyl alcohol,Coniferyl alcohol,metabolite,,C10H12O3,Phenylpropanoid/benzenoid compound,Phenylpropanoid/benzenoid compound,Phenylpropanoid/benzenoid compound,Phenylpropanoid/benzenoid compound,松柏醇，松柏醛的还原产物，是木质素单体(G单体)的前体。,中 - 木质素前体,微弱辛香、甜香,Flavor_database
VOL_00164,Sinapyl aldehyde,Sinapyl aldehyde,metabolite,,C11H12O4,Phenylpropanoid/benzenoid compound,Phenylpropanoid/benzenoid compound,Phenylpropanoid/benzenoid compound,Phenylpropanoid/benzenoid compound,芥子醛，由芥子酸还原生成，是木质素单体(S单体)的前体。,中 - 木质素前体,微弱辛香,Flavor_database
VOL_00165,Sinapyl alcohol,Sinapyl alcohol,metabolite,,C11H14O4,Phenylpropanoid/benzenoid compound,Phenylpropanoid/benzenoid compound,Phenylpropanoid/benzenoid compound,Phenylpropanoid/benzenoid compound,芥子醇，芥子醛的还原产物，是木质素S单体。,中 - 木质素前体,微弱辛香,Flavor_database
VOL_00166,p-Coumaryl alcohol,p-Coumaryl alcohol,metabolite,,C9H10O2,Phenylpropanoid/benzenoid compound,Phenylpropanoid/benzenoid compound,Phenylpropanoid/benzenoid compound,Phenylpropanoid/benzenoid compound,对香豆醇，由对香豆醛还原生成，是木质素H单体。,中 - 木质素前体,微弱甜香,Flavor_database
VOL_00167,p-Coumaraldehyde,p-Coumaraldehyde,metabolite,,C9H8O2,Phenylpropanoid/benzenoid compound,Phenylpropanoid/benzenoid compound,Phenylpropanoid/benzenoid compound,Phenylpropanoid/benzenoid compound,对香豆醛，由对香豆酸还原生成。,中 - 木质素前体,微弱甜香、辛香,Flavor_database
VOL_00168,Methyl vanillate,Methyl vanillate,metabolite,,C9H10O4,Phenylpropanoid/benzenoid compound,Phenylpropanoid/benzenoid compound,Phenylpropanoid/benzenoid compound,Phenylpropanoid/benzenoid compound,香草酸甲酯，由香草酸甲基化生成。,中 - 增强烟草甜香,甜香、香荚兰豆香,Flavor_database
VOL_00169,Methyl syringate,Methyl syringate,metabolite,,C10H12O5,Phenylpropanoid/benzenoid compound,Phenylpropanoid/benzenoid compound,Phenylpropanoid/benzenoid compound,Phenylpropanoid/benzenoid compound,丁香酸甲酯，由丁香酸甲基化生成。,中 - 增强烟草甜香,甜香、辛香,Flavor_database
VOL_00170,Ethyl vanillate,Ethyl vanillate,metabolite,,C10H12O4,Phenylpropanoid/benzenoid compound,Phenylpropanoid/benzenoid compound,Phenylpropanoid/benzenoid compound,Phenylpropanoid/benzenoid compound,香草酸乙酯，由香草酸和乙醇酯化生成。,中 - 增强烟草甜香,甜香、香荚兰豆香,Flavor_database
VOL_00171,Benzyl benzoate,Benzyl benzoate,metabolite,,C14H12O2,Phenylpropanoid/benzenoid compound,Phenylpropanoid/benzenoid compound,Phenylpropanoid/benzenoid compound,Phenylpropanoid/benzenoid compound,苯甲酸苄酯，由苯甲醇和苯甲酸酯化生成。,中 - 增强烟草甜香和花香,甜香、花香、树脂香,Flavor_database
VOL_00172,2-Phenylethyl benzoate,2-Phenylethyl benzoate,metabolite,,C15H14O2,Phenylpropanoid/benzenoid compound,Phenylpropanoid/benzenoid compound,Phenylpropanoid/benzenoid compound,Phenylpropanoid/benzenoid compound,苯甲酸苯乙酯。,中 - 增强烟草花香,玫瑰花香、甜香、树脂香,Flavor_database
VOL_00173,Phenylpropanal (3-Phenylpropanal),Phenylpropanal (3-Phenylpropanal),metabolite,,C9H10O,Phenylpropanoid/benzenoid compound,Phenylpropanoid/benzenoid compound,Phenylpropanoid/benzenoid compound,Phenylpropanoid/benzenoid compound,3-苯丙醛(氢化肉桂醛)，由肉桂醛还原生成。,中 - 增强烟草甜香和花香,甜香、花香、肉桂香、树脂香,Flavor_database
VOL_00174,3-Phenyl-1-propanol,3-Phenyl-1-propanol,metabolite,,C9H12O,Phenylpropanoid/benzenoid compound,Phenylpropanoid/benzenoid compound,Phenylpropanoid/benzenoid compound,Phenylpropanoid/benzenoid compound,3-苯丙醇，由3-苯丙醛还原生成。,中 - 增强烟草甜香和花香,甜香、花香、肉桂香,Flavor_database
VOL_00175,Methyl phenylacetate,Methyl phenylacetate,metabolite,,C9H10O2,Phenylpropanoid/benzenoid compound,Phenylpropanoid/benzenoid compound,Phenylpropanoid/benzenoid compound,Phenylpropanoid/benzenoid compound,苯乙酸甲酯，由苯乙酸甲基化生成，具有蜂蜜香和花香。,中 - 增强烟草蜂蜜香,蜂蜜香、花香、甜香,Flavor_database
VOL_00176,Ethyl phenylacetate,Ethyl phenylacetate,metabolite,,C10H12O2,Phenylpropanoid/benzenoid compound,Phenylpropanoid/benzenoid compound,Phenylpropanoid/benzenoid compound,Phenylpropanoid/benzenoid compound,苯乙酸乙酯，由苯乙酸和乙醇酯化生成，具有蜂蜜香和果香。,中高 - 增强烟草蜂蜜香和果香,蜂蜜香、果香、甜香、玫瑰香,Flavor_database
VOL_00177,Phenylacetic acid,Phenylacetic acid,metabolite,,C8H8O2,Phenylpropanoid/benzenoid compound,Phenylpropanoid/benzenoid compound,Phenylpropanoid/benzenoid compound,Phenylpropanoid/benzenoid compound,苯乙酸，由苯乙醛氧化或苯丙氨酸代谢生成，具有蜂蜜香。,高 - 烟草蜂蜜香的贡献者,蜂蜜香、甜香、花香,Flavor_database
VOL_00178,2-Methoxyphenol (Guaiacol isomer),2-Methoxyphenol (Guaiacol isomer),metabolite,,C7H8O2,Phenylpropanoid/benzenoid compound,Phenylpropanoid/benzenoid compound,Phenylpropanoid/benzenoid compound,Phenylpropanoid/benzenoid compound,2-甲氧基苯酚(愈创木酚)，由阿魏酸降解生成。,高 - 烟草烟熏香的贡献者,烟熏香、辛香、甜香、药香,Flavor_database
VOL_00179,"2,6-Dimethylphenol","2,6-Dimethylphenol",metabolite,,C8H10O,Phenylpropanoid/benzenoid compound,Phenylpropanoid/benzenoid compound,Phenylpropanoid/benzenoid compound,Phenylpropanoid/benzenoid compound,"2,6-二甲基苯酚，由酪氨酸或苯丙氨酸代谢生成。",中 - 增强烟草烟熏香,酚味、烟熏香、辛香,Flavor_database
VOL_00180,"2,4-Dimethylphenol","2,4-Dimethylphenol",metabolite,,C8H10O,Phenylpropanoid/benzenoid compound,Phenylpropanoid/benzenoid compound,Phenylpropanoid/benzenoid compound,Phenylpropanoid/benzenoid compound,"2,4-二甲基苯酚。",中 - 增强烟草烟熏香,酚味、烟熏香、辛香,Flavor_database
VOL_00181,"2,6-Dimethoxyphenol","2,6-Dimethoxyphenol",metabolite,,C8H10O3,Phenylpropanoid/benzenoid compound,Phenylpropanoid/benzenoid compound,Phenylpropanoid/benzenoid compound,Phenylpropanoid/benzenoid compound,"2,6-二甲氧基苯酚(丁香酚)，由芥子酸降解生成。",中 - 增强烟草烟熏香,烟熏香、辛香、甜香,Flavor_database
VOL_00182,"Catechol (1,2-Benzenediol)","Catechol (1,2-Benzenediol)",metabolite,,C6H6O2,Phenylpropanoid/benzenoid compound,Phenylpropanoid/benzenoid compound,Phenylpropanoid/benzenoid compound,Phenylpropanoid/benzenoid compound,"儿茶酚(1,2-苯二酚)，由原儿茶酸脱羧或酪氨酸代谢生成。",中 - 代谢中间体,酚味、微弱甜香,Flavor_database
VOL_00183,"Resorcinol (1,3-Benzenediol)","Resorcinol (1,3-Benzenediol)",metabolite,,C6H6O2,Phenylpropanoid/benzenoid compound,Phenylpropanoid/benzenoid compound,Phenylpropanoid/benzenoid compound,Phenylpropanoid/benzenoid compound,"间苯二酚(1,3-苯二酚)。",中 - 代谢中间体,微弱甜香,Flavor_database
VOL_00184,"Hydroquinone (1,4-Benzenediol)","Hydroquinone (1,4-Benzenediol)",metabolite,,C6H6O2,Phenylpropanoid/benzenoid compound,Phenylpropanoid/benzenoid compound,Phenylpropanoid/benzenoid compound,Phenylpropanoid/benzenoid compound,"对苯二酚(1,4-苯二酚)，由4-羟基苯甲酸脱羧生成。",中 - 代谢中间体,微弱甜香,Flavor_database
VOL_00185,Linalool,Linalool,metabolite,C01583,C10H18O,Terpenoid,Terpenoid (Monoterpenoid),Terpenoid (Monoterpenoid),Terpenoid,芳樟醇，由GPP经单萜合酶催化生成，是烟草花香和甜香的核心成分。,极高 - 烟草花香和甜香的核心成分,花香、甜香、薰衣草香、木香,Flavor_database
VOL_00186,Linalool oxide (furanoid),Linalool oxide (furanoid),metabolite,,C10H18O2,Terpenoid,Terpenoid (Monoterpenoid oxide),Terpenoid (Monoterpenoid oxide),Terpenoid,呋喃型芳樟醇氧化物，由芳樟醇环氧化和环化生成，具有木香和花香。,高 - 烟草木香和花香的贡献者,木香、花香、甜香、茶香,Flavor_database
VOL_00187,Linalool oxide (pyranoid),Linalool oxide (pyranoid),metabolite,,C10H18O2,Terpenoid,Terpenoid (Monoterpenoid oxide),Terpenoid (Monoterpenoid oxide),Terpenoid,吡喃型芳樟醇氧化物，呋喃型氧化物的异构体。,高 - 烟草木香和花香的贡献者,木香、花香、茶香、甜香,Flavor_database
VOL_00188,Geraniol,Geraniol,metabolite,C01500,C10H18O,Terpenoid,Terpenoid (Monoterpenoid),Terpenoid (Monoterpenoid),Terpenoid,香叶醇，由GPP经香叶醇合酶催化生成，具有玫瑰花香和甜香。,高 - 烟草玫瑰花香的贡献者,玫瑰花香、甜香、果香、花香,Flavor_database
VOL_00189,Nerol,Nerol,metabolite,,C10H18O,Terpenoid,Terpenoid (Monoterpenoid),Terpenoid (Monoterpenoid),Terpenoid,橙花醇，香叶醇的顺式异构体，具有玫瑰花香和甜香。,中高 - 增强烟草玫瑰花香,玫瑰花香、甜香、柑橘香,Flavor_database
VOL_00190,Citronellol,Citronellol,metabolite,,C10H20O,Terpenoid,Terpenoid (Monoterpenoid),Terpenoid (Monoterpenoid),Terpenoid,香茅醇，由香叶醇或橙花醇还原生成，具有玫瑰花香和甜香。,中高 - 增强烟草玫瑰花香,玫瑰花香、甜香、柑橘香、花香,Flavor_database
VOL_00191,α-Terpineol,α-Terpineol,metabolite,,C10H18O,Terpenoid,Terpenoid (Monoterpenoid),Terpenoid (Monoterpenoid),Terpenoid,α-松油醇，由芳樟醇环化或柠檬烯水合生成，具有松木香和花香。,中高 - 增强烟草松木香和花香,松木香、花香、甜香、丁香香,Flavor_database
VOL_00192,β-Citronellene,β-Citronellene,metabolite,,C10H20,Terpenoid,Terpenoid (Monoterpenoid hydrocarbon),Terpenoid (Monoterpenoid hydrocarbon),Terpenoid,β-香茅烯，香茅醇的脱氧产物。,中 - 增强烟草花香,花香、甜香、柑橘香,Flavor_database
VOL_00193,Limonene,Limonene,metabolite,C00321,C10H16,Terpenoid,Terpenoid (Monoterpenoid),Terpenoid (Monoterpenoid),Terpenoid,柠檬烯，由GPP经柠檬烯合酶催化生成，具有柑橘香。,高 - 烟草柑橘香的贡献者,柑橘香、柠檬香、甜香、清新香,Flavor_database
VOL_00194,α-Pinene,α-Pinene,metabolite,,C10H16,Terpenoid,Terpenoid (Monoterpenoid),Terpenoid (Monoterpenoid),Terpenoid,α-蒎烯，由GPP经α-蒎烯合酶催化生成，具有松木香和树脂香。,中高 - 增强烟草松木香,松木香、树脂香、樟脑香、清新香,Flavor_database
VOL_00195,β-Pinene,β-Pinene,metabolite,,C10H16,Terpenoid,Terpenoid (Monoterpenoid),Terpenoid (Monoterpenoid),Terpenoid,β-蒎烯，α-蒎烯的异构体，具有松木香和树脂香。,中高 - 增强烟草松木香,松木香、树脂香、辛香、清新香,Flavor_database
VOL_00196,Camphene,Camphene,metabolite,,C10H16,Terpenoid,Terpenoid (Monoterpenoid),Terpenoid (Monoterpenoid),Terpenoid,莰烯，由α-蒎烯异构化生成，具有樟脑香。,中 - 增强烟草樟脑香,樟脑香、松木香、清新香,Flavor_database
VOL_00197,Myrcene,Myrcene,metabolite,,C10H16,Terpenoid,Terpenoid (Monoterpenoid),Terpenoid (Monoterpenoid),Terpenoid,月桂烯，由GPP经月桂烯合酶催化生成，具有草本香和辛香。,中 - 增强烟草草本香,草本香、辛香、甜香、树脂香,Flavor_database
VOL_00198,Ocimene,Ocimene,metabolite,,C10H16,Terpenoid,Terpenoid (Monoterpenoid),Terpenoid (Monoterpenoid),Terpenoid,罗勒烯，由GPP经罗勒烯合酶催化生成，具有草本香和花香。,中 - 增强烟草草本香和花香,草本香、花香、甜香、清新香,Flavor_database
VOL_00199,Terpinene,Terpinene,metabolite,,C10H16,Terpenoid,Terpenoid (Monoterpenoid),Terpenoid (Monoterpenoid),Terpenoid,萜品烯，由GPP经萜品烯合酶催化生成，具有松木香和辛香。,中 - 增强烟草松木香,松木香、辛香、甜香,Flavor_database
VOL_00200,γ-Terpinene,γ-Terpinene,metabolite,,C10H16,Terpenoid,Terpenoid (Monoterpenoid),Terpenoid (Monoterpenoid),Terpenoid,γ-萜品烯，萜品烯的异构体。,中 - 增强烟草辛香,辛香、柑橘香、松木香,Flavor_database
VOL_00201,Terpinolene,Terpinolene,metabolite,,C10H16,Terpenoid,Terpenoid (Monoterpenoid),Terpenoid (Monoterpenoid),Terpenoid,萜品油烯，由GPP经萜品油烯合酶催化生成。,中 - 增强烟草松木香,松木香、辛香、甜香,Flavor_database
VOL_00202,p-Cymene,p-Cymene,metabolite,,C10H14,Terpenoid,Terpenoid (Monoterpenoid),Terpenoid (Monoterpenoid),Terpenoid,对伞花烃，由柠檬烯脱氢生成，具有辛香和柑橘香。,中 - 增强烟草辛香,辛香、柑橘香、清新香,Flavor_database
VOL_00203,"1,8-Cineole (Eucalyptol)","1,8-Cineole (Eucalyptol)",metabolite,,C10H18O,Terpenoid,Terpenoid (Monoterpenoid),Terpenoid (Monoterpenoid),Terpenoid,"1,8-桉叶油醇，由柠檬烯或α-萜品醇环氧化生成，具有桉树香和清凉感。",中高 - 增强烟草清凉感,桉树香、清凉感、樟脑香,Flavor_database
VOL_00204,Citronellal,Citronellal,metabolite,,C10H18O,Terpenoid,Terpenoid (Monoterpenoid),Terpenoid (Monoterpenoid),Terpenoid,香茅醛，由香茅醇氧化或香叶醇还原生成，具有柠檬香和清凉感。,中高 - 增强烟草柠檬香,柠檬香、清凉感、柑橘香,Flavor_database
VOL_00205,Geranial,Geranial,metabolite,,C10H16O,Terpenoid,Terpenoid (Monoterpenoid),Terpenoid (Monoterpenoid),Terpenoid,香叶醛(柠檬醛a)，由香叶醇氧化生成，具有柠檬香。,中高 - 增强烟草柠檬香,柠檬香、柑橘香、甜香,Flavor_database
VOL_00206,Neral,Neral,metabolite,,C10H16O,Terpenoid,Terpenoid (Monoterpenoid),Terpenoid (Monoterpenoid),Terpenoid,橙花醛(柠檬醛b)，香叶醛的顺式异构体。,中高 - 增强烟草柠檬香,柠檬香、柑橘香、甜香,Flavor_database
VOL_00207,Citronellyl acetate,Citronellyl acetate,metabolite,,C12H22O2,Terpenoid,Terpenoid (Monoterpenoid ester),Terpenoid (Monoterpenoid ester),Terpenoid,香茅醇乙酸酯，由香茅醇和乙酰CoA酯化生成。,中 - 增强烟草花香和果香,玫瑰花香、果香、甜香,Flavor_database
VOL_00208,Geranyl acetate,Geranyl acetate,metabolite,,C12H20O2,Terpenoid,Terpenoid (Monoterpenoid ester),Terpenoid (Monoterpenoid ester),Terpenoid,香叶醇乙酸酯，由香叶醇和乙酰CoA酯化生成。,中 - 增强烟草花香和果香,玫瑰花香、果香、甜香、薰衣草香,Flavor_database
VOL_00209,Neryl acetate,Neryl acetate,metabolite,,C12H20O2,Terpenoid,Terpenoid (Monoterpenoid ester),Terpenoid (Monoterpenoid ester),Terpenoid,橙花醇乙酸酯，香叶醇乙酸酯的顺式异构体。,中 - 增强烟草花香和果香,玫瑰花香、果香、甜香、柑橘香,Flavor_database
VOL_00210,Linalyl acetate,Linalyl acetate,metabolite,,C12H20O2,Terpenoid,Terpenoid (Monoterpenoid ester),Terpenoid (Monoterpenoid ester),Terpenoid,芳樟醇乙酸酯，由芳樟醇和乙酰CoA酯化生成。,中 - 增强烟草花香和果香,薰衣草香、花香、果香、甜香,Flavor_database
VOL_00211,α-Terpinyl acetate,α-Terpinyl acetate,metabolite,,C12H20O2,Terpenoid,Terpenoid (Monoterpenoid ester),Terpenoid (Monoterpenoid ester),Terpenoid,α-松油醇乙酸酯。,中 - 增强烟草松木香,松木香、花香、甜香,Flavor_database
VOL_00212,Bornyl acetate,Bornyl acetate,metabolite,,C12H20O2,Terpenoid,Terpenoid (Monoterpenoid ester),Terpenoid (Monoterpenoid ester),Terpenoid,龙脑乙酸酯，由龙脑和乙酰CoA酯化生成。,中 - 增强烟草松木香和清凉感,松木香、樟脑香、清凉感,Flavor_database
VOL_00213,Borneol,Borneol,metabolite,,C10H18O,Terpenoid,Terpenoid (Monoterpenoid),Terpenoid (Monoterpenoid),Terpenoid,龙脑，由莰烯水合或樟脑还原生成，具有松木香和清凉感。,中 - 增强烟草松木香和清凉感,松木香、樟脑香、清凉感,Flavor_database
VOL_00214,Camphor,Camphor,metabolite,,C10H16O,Terpenoid,Terpenoid (Monoterpenoid),Terpenoid (Monoterpenoid),Terpenoid,樟脑，由龙脑氧化生成，具有樟脑香和清凉感。,中 - 增强烟草樟脑香,樟脑香、清凉感、辛香,Flavor_database
VOL_00215,Isoborneol,Isoborneol,metabolite,,C10H18O,Terpenoid,Terpenoid (Monoterpenoid),Terpenoid (Monoterpenoid),Terpenoid,异龙脑，龙脑的异构体。,中 - 增强烟草松木香,松木香、樟脑香、清凉感,Flavor_database
VOL_00216,Carvone,Carvone,metabolite,,C10H14O,Terpenoid,Terpenoid (Monoterpenoid),Terpenoid (Monoterpenoid),Terpenoid,香芹酮，由柠檬烯氧化生成，具有薄荷香和留兰香。,中 - 增强烟草薄荷香,薄荷香、留兰香、甜香,Flavor_database
VOL_00217,Carveol,Carveol,metabolite,,C10H16O,Terpenoid,Terpenoid (Monoterpenoid),Terpenoid (Monoterpenoid),Terpenoid,香芹醇，由柠檬烯羟基化生成，是香芹酮的前体。,中 - 香芹酮前体,薄荷香、甜香、花香,Flavor_database
VOL_00218,Dihydrocarveol,Dihydrocarveol,metabolite,,C10H18O,Terpenoid,Terpenoid (Monoterpenoid),Terpenoid (Monoterpenoid),Terpenoid,二氢香芹醇，香芹醇的还原产物。,中 - 增强烟草薄荷香,薄荷香、甜香、花香,Flavor_database
VOL_00219,Pulegone,Pulegone,metabolite,,C10H16O,Terpenoid,Terpenoid (Monoterpenoid),Terpenoid (Monoterpenoid),Terpenoid,胡薄荷酮，由薄荷酮异构化生成，具有薄荷香。,中 - 增强烟草薄荷香,薄荷香、辛香、樟脑香,Flavor_database
VOL_00220,Menthone,Menthone,metabolite,,C10H18O,Terpenoid,Terpenoid (Monoterpenoid),Terpenoid (Monoterpenoid),Terpenoid,薄荷酮，由薄荷醇氧化生成，具有薄荷香。,中 - 增强烟草薄荷香,薄荷香、清凉感、甜香,Flavor_database
VOL_00221,Menthol,Menthol,metabolite,,C10H20O,Terpenoid,Terpenoid (Monoterpenoid),Terpenoid (Monoterpenoid),Terpenoid,薄荷醇，由胡薄荷酮还原生成，具有薄荷香和清凉感。,中高 - 增强烟草清凉感,薄荷香、清凉感、甜香,Flavor_database
VOL_00222,Menthyl acetate,Menthyl acetate,metabolite,,C12H22O2,Terpenoid,Terpenoid (Monoterpenoid ester),Terpenoid (Monoterpenoid ester),Terpenoid,薄荷醇乙酸酯。,中 - 增强烟草薄荷香,薄荷香、甜香、清凉感,Flavor_database
VOL_00223,Verbenone,Verbenone,metabolite,,C10H14O,Terpenoid,Terpenoid (Monoterpenoid),Terpenoid (Monoterpenoid),Terpenoid,马鞭草酮，由α-蒎烯氧化生成，具有松木香和薄荷香。,中 - 增强烟草松木香,松木香、薄荷香、樟脑香,Flavor_database
VOL_00224,Verbenol,Verbenol,metabolite,,C10H16O,Terpenoid,Terpenoid (Monoterpenoid),Terpenoid (Monoterpenoid),Terpenoid,马鞭草醇，由α-蒎烯羟基化生成，是马鞭草酮的前体。,中 - 马鞭草酮前体,松木香、薄荷香、甜香,Flavor_database
VOL_00225,Myrtenol,Myrtenol,metabolite,,C10H16O,Terpenoid,Terpenoid (Monoterpenoid),Terpenoid (Monoterpenoid),Terpenoid,桃金娘烯醇，由α-蒎烯羟基化生成。,中 - 增强烟草松木香,松木香、花香、甜香,Flavor_database
VOL_00226,Myrtenal,Myrtenal,metabolite,,C10H14O,Terpenoid,Terpenoid (Monoterpenoid),Terpenoid (Monoterpenoid),Terpenoid,桃金娘烯醛，由桃金娘烯醇氧化生成。,中 - 增强烟草松木香,松木香、辛香、甜香,Flavor_database
VOL_00227,Perillaldehyde,Perillaldehyde,metabolite,,C10H14O,Terpenoid,Terpenoid (Monoterpenoid),Terpenoid (Monoterpenoid),Terpenoid,紫苏醛，由柠檬烯氧化生成，具有紫苏香。,中 - 增强烟草辛香,紫苏香、辛香、柑橘香,Flavor_database
VOL_00228,Perillyl alcohol,Perillyl alcohol,metabolite,,C10H16O,Terpenoid,Terpenoid (Monoterpenoid),Terpenoid (Monoterpenoid),Terpenoid,紫苏醇，紫苏醛的还原产物。,中 - 紫苏醛前体,紫苏香、辛香、甜香,Flavor_database
VOL_00229,β-Caryophyllene,β-Caryophyllene,metabolite,,C15H24,Terpenoid,Terpenoid (Sesquiterpenoid),Terpenoid (Sesquiterpenoid),Terpenoid,β-石竹烯，由FPP经石竹烯合酶催化生成，具有木香和辛香。,高 - 烟草木香和辛香的贡献者,木香、辛香、丁香香、树脂香,Flavor_database
VOL_00230,α-Humulene,α-Humulene,metabolite,,C15H24,Terpenoid,Terpenoid (Sesquiterpenoid),Terpenoid (Sesquiterpenoid),Terpenoid,α-葎草烯，由FPP经葎草烯合酶催化生成，具有木香和辛香。,高 - 烟草木香和辛香的贡献者,木香、辛香、花香、树脂香,Flavor_database
VOL_00231,Caryophyllene oxide,Caryophyllene oxide,metabolite,,C15H24O,Terpenoid,Terpenoid (Sesquiterpenoid oxide),Terpenoid (Sesquiterpenoid oxide),Terpenoid,石竹烯氧化物，由β-石竹烯环氧化生成，具有木香和辛香。,中高 - 增强烟草木香和辛香,木香、辛香、花香、甜香,Flavor_database
VOL_00232,Nerolidol,Nerolidol,metabolite,C02093,C15H26O,Terpenoid,Terpenoid (Sesquiterpenoid),Terpenoid (Sesquiterpenoid),Terpenoid,橙花叔醇，由FPP经橙花叔醇合酶催化生成，具有花香和木香。,高 - 烟草花香和木香的贡献者,花香、木香、玫瑰香、甜香,Flavor_database
VOL_00233,Farnesol,Farnesol,metabolite,C01439,C15H26O,Terpenoid,Terpenoid (Sesquiterpenoid),Terpenoid (Sesquiterpenoid),Terpenoid,金合欢醇，由FPP水解生成，是法尼基化反应的前体。,高 - 烟草花香和木香的贡献者,花香、木香、甜香、树脂香,Flavor_database
VOL_00234,Farnesal,Farnesal,metabolite,,C15H24O,Terpenoid,Terpenoid (Sesquiterpenoid),Terpenoid (Sesquiterpenoid),Terpenoid,金合欢醛，由金合欢醇氧化生成。,中 - 金合欢醇代谢中间体,花香、木香、甜香,Flavor_database
VOL_00235,α-Bisabolol,α-Bisabolol,metabolite,,C15H26O,Terpenoid,Terpenoid (Sesquiterpenoid),Terpenoid (Sesquiterpenoid),Terpenoid,α-甜没药醇，由FPP经甜没药醇合酶催化生成，具有花香和甜香。,中高 - 增强烟草花香和甜香,花香、甜香、木香、树脂香,Flavor_database
VOL_00236,α-Bisabolene,α-Bisabolene,metabolite,,C15H24,Terpenoid,Terpenoid (Sesquiterpenoid),Terpenoid (Sesquiterpenoid),Terpenoid,α-甜没药烯，α-甜没药醇的脱氧产物。,中 - 增强烟草花香,花香、木香、甜香,Flavor_database
VOL_00237,β-Bisabolene,β-Bisabolene,metabolite,,C15H24,Terpenoid,Terpenoid (Sesquiterpenoid),Terpenoid (Sesquiterpenoid),Terpenoid,β-甜没药烯，α-甜没药烯的异构体。,中 - 增强烟草花香,花香、木香、辛香,Flavor_database
VOL_00238,γ-Bisabolene,γ-Bisabolene,metabolite,,C15H24,Terpenoid,Terpenoid (Sesquiterpenoid),Terpenoid (Sesquiterpenoid),Terpenoid,γ-甜没药烯。,中 - 增强烟草花香,花香、木香,Flavor_database
VOL_00239,Zingiberene,Zingiberene,metabolite,,C15H24,Terpenoid,Terpenoid (Sesquiterpenoid),Terpenoid (Sesquiterpenoid),Terpenoid,姜烯，由FPP经姜烯合酶催化生成，具有姜香。,中 - 增强烟草姜香,姜香、辛香、木香,Flavor_database
VOL_00240,β-Sesquiphellandrene,β-Sesquiphellandrene,metabolite,,C15H24,Terpenoid,Terpenoid (Sesquiterpenoid),Terpenoid (Sesquiterpenoid),Terpenoid,β-倍半水芹烯，姜烯的异构体。,中 - 增强烟草姜香,姜香、辛香、木香,Flavor_database
VOL_00241,ar-Curcumene,ar-Curcumene,metabolite,,C15H22,Terpenoid,Terpenoid (Sesquiterpenoid),Terpenoid (Sesquiterpenoid),Terpenoid,芳姜黄酮，由姜烯脱氢生成。,中 - 增强烟草姜香,姜香、辛香、木香,Flavor_database
VOL_00242,Valencene,Valencene,metabolite,,C15H24,Terpenoid,Terpenoid (Sesquiterpenoid),Terpenoid (Sesquiterpenoid),Terpenoid,瓦伦西亚烯，由FPP经瓦伦西亚烯合酶催化生成，具有柑橘香。,中 - 增强烟草柑橘香,柑橘香、甜香、木香,Flavor_database
VOL_00243,Nootkatone,Nootkatone,metabolite,,C15H22O,Terpenoid,Terpenoid (Sesquiterpenoid),Terpenoid (Sesquiterpenoid),Terpenoid,诺卡酮，由瓦伦西亚烯氧化生成，具有葡萄柚香。,中高 - 增强烟草葡萄柚香,葡萄柚香、柑橘香、木香、辛香,Flavor_database
VOL_00244,Cadinol,Cadinol,metabolite,,C15H26O,Terpenoid,Terpenoid (Sesquiterpenoid),Terpenoid (Sesquiterpenoid),Terpenoid,杜松醇，由FPP经杜松醇合酶催化生成，具有木香和辛香。,中 - 增强烟草木香,木香、辛香、树脂香、甜香,Flavor_database
VOL_00245,δ-Cadinene,δ-Cadinene,metabolite,,C15H24,Terpenoid,Terpenoid (Sesquiterpenoid),Terpenoid (Sesquiterpenoid),Terpenoid,δ-杜松烯，由FPP经杜松烯合酶催化生成。,中 - 增强烟草木香,木香、辛香、树脂香,Flavor_database
VOL_00246,γ-Cadinene,γ-Cadinene,metabolite,,C15H24,Terpenoid,Terpenoid (Sesquiterpenoid),Terpenoid (Sesquiterpenoid),Terpenoid,γ-杜松烯，δ-杜松烯的异构体。,中 - 增强烟草木香,木香、辛香,Flavor_database
VOL_00247,Germacrene D,Germacrene D,metabolite,,C15H24,Terpenoid,Terpenoid (Sesquiterpenoid),Terpenoid (Sesquiterpenoid),Terpenoid,大根香叶烯D，由FPP经大根香叶烯D合酶催化生成。,中 - 增强烟草木香和花香,木香、花香、辛香,Flavor_database
VOL_00248,Germacrene A,Germacrene A,metabolite,,C15H24,Terpenoid,Terpenoid (Sesquiterpenoid),Terpenoid (Sesquiterpenoid),Terpenoid,大根香叶烯A。,中 - 增强烟草木香,木香、辛香,Flavor_database
VOL_00249,Germacrene B,Germacrene B,metabolite,,C15H24,Terpenoid,Terpenoid (Sesquiterpenoid),Terpenoid (Sesquiterpenoid),Terpenoid,大根香叶烯B。,中 - 增强烟草木香,木香、辛香、花香,Flavor_database
VOL_00250,β-Elemene,β-Elemene,metabolite,,C15H24,Terpenoid,Terpenoid (Sesquiterpenoid),Terpenoid (Sesquiterpenoid),Terpenoid,β-榄香烯，由大根香叶烯重排生成。,中 - 增强烟草木香,木香、辛香、甜香,Flavor_database
VOL_00251,δ-Elemene,δ-Elemene,metabolite,,C15H24,Terpenoid,Terpenoid (Sesquiterpenoid),Terpenoid (Sesquiterpenoid),Terpenoid,δ-榄香烯，β-榄香烯的异构体。,中 - 增强烟草木香,木香、辛香,Flavor_database
VOL_00252,Patchoulol,Patchoulol,metabolite,,C15H26O,Terpenoid,Terpenoid (Sesquiterpenoid),Terpenoid (Sesquiterpenoid),Terpenoid,广藿香醇，由FPP经广藿香醇合酶催化生成，具有广藿香。,中 - 增强烟草木香,广藿香、木香、甜香、土香,Flavor_database
VOL_00253,Patchoulene,Patchoulene,metabolite,,C15H24,Terpenoid,Terpenoid (Sesquiterpenoid),Terpenoid (Sesquiterpenoid),Terpenoid,广藿香烯，广藿香醇的脱氧产物。,中 - 增强烟草木香,广藿香、木香、土香,Flavor_database
VOL_00254,Cedrol,Cedrol,metabolite,,C15H26O,Terpenoid,Terpenoid (Sesquiterpenoid),Terpenoid (Sesquiterpenoid),Terpenoid,雪松醇，由FPP经雪松醇合酶催化生成，具有雪松木香。,中 - 增强烟草木香,雪松木香、木香、甜香,Flavor_database
VOL_00255,α-Cedrene,α-Cedrene,metabolite,,C15H24,Terpenoid,Terpenoid (Sesquiterpenoid),Terpenoid (Sesquiterpenoid),Terpenoid,α-雪松烯，雪松醇的脱氧产物。,中 - 增强烟草木香,雪松木香、木香,Flavor_database
VOL_00256,β-Cedrene,β-Cedrene,metabolite,,C15H24,Terpenoid,Terpenoid (Sesquiterpenoid),Terpenoid (Sesquiterpenoid),Terpenoid,β-雪松烯，α-雪松烯的异构体。,中 - 增强烟草木香,雪松木香、木香,Flavor_database
VOL_00257,Thujopsene,Thujopsene,metabolite,,C15H24,Terpenoid,Terpenoid (Sesquiterpenoid),Terpenoid (Sesquiterpenoid),Terpenoid,罗汉柏烯，由FPP经罗汉柏烯合酶催化生成。,中 - 增强烟草木香,木香、树脂香、甜香,Flavor_database
VOL_00258,Widdrol,Widdrol,metabolite,,C15H26O,Terpenoid,Terpenoid (Sesquiterpenoid),Terpenoid (Sesquiterpenoid),Terpenoid,韦得醇，由FPP经韦得醇合酶催化生成。,中 - 增强烟草木香,木香、甜香、树脂香,Flavor_database
VOL_00259,Longifolene,Longifolene,metabolite,,C15H24,Terpenoid,Terpenoid (Sesquiterpenoid),Terpenoid (Sesquiterpenoid),Terpenoid,长叶烯，由FPP经长叶烯合酶催化生成，具有木香。,中 - 增强烟草木香,木香、树脂香、甜香,Flavor_database
VOL_00260,Isolongifolene,Isolongifolene,metabolite,,C15H24,Terpenoid,Terpenoid (Sesquiterpenoid),Terpenoid (Sesquiterpenoid),Terpenoid,异长叶烯，长叶烯的异构体。,中 - 增强烟草木香,木香、树脂香,Flavor_database
VOL_00261,Copaene,Copaene,metabolite,,C15H24,Terpenoid,Terpenoid (Sesquiterpenoid),Terpenoid (Sesquiterpenoid),Terpenoid,古巴烯，由FPP经古巴烯合酶催化生成。,中 - 增强烟草木香,木香、辛香、树脂香,Flavor_database
VOL_00262,Ylangene,Ylangene,metabolite,,C15H24,Terpenoid,Terpenoid (Sesquiterpenoid),Terpenoid (Sesquiterpenoid),Terpenoid,依兰烯，古巴烯的异构体。,中 - 增强烟草木香,木香、花香,Flavor_database
VOL_00263,α-Cubebene,α-Cubebene,metabolite,,C15H24,Terpenoid,Terpenoid (Sesquiterpenoid),Terpenoid (Sesquiterpenoid),Terpenoid,α-荜澄茄烯。,中 - 增强烟草木香,木香、辛香,Flavor_database
VOL_00264,β-Cubebene,β-Cubebene,metabolite,,C15H24,Terpenoid,Terpenoid (Sesquiterpenoid),Terpenoid (Sesquiterpenoid),Terpenoid,β-荜澄茄烯。,中 - 增强烟草木香,木香、辛香、甜香,Flavor_database
VOL_00265,α-Copaene oxide,α-Copaene oxide,metabolite,,C15H24O,Terpenoid,Terpenoid (Sesquiterpenoid oxide),Terpenoid (Sesquiterpenoid oxide),Terpenoid,α-古巴烯氧化物。,中 - 增强烟草木香,木香、辛香,Flavor_database
VOL_00266,Solavetivone,Solavetivone,metabolite,,C15H22O,Terpenoid,Terpenoid (Sesquiterpenoid),Terpenoid (Sesquiterpenoid),Terpenoid,茄酮草酮，由FPP经倍半萜合酶催化生成，具有木香和辛香。,中高 - 烟草特有倍半萜酮,木香、辛香、甜香、烟草香,Flavor_database
VOL_00267,Vetispiradiene,Vetispiradiene,metabolite,,C15H24,Terpenoid,Terpenoid (Sesquiterpenoid),Terpenoid (Sesquiterpenoid),Terpenoid,维提螺旋二烯，Solavetivone的前体。,中 - Solavetivone前体,木香、辛香,Flavor_database
VOL_00268,Capsidiol,Capsidiol,metabolite,,C15H26O2,Terpenoid,Terpenoid (Sesquiterpenoid),Terpenoid (Sesquiterpenoid),Terpenoid,辣椒二醇，由维提螺旋二烯羟基化生成。,中 - 植物保卫素,微弱木香,Flavor_database
VOL_00269,Rishitin,Rishitin,metabolite,,C15H24O2,Terpenoid,Terpenoid (Sesquiterpenoid),Terpenoid (Sesquiterpenoid),Terpenoid,日齐素，由FPP经倍半萜合酶催化生成。,中 - 植物保卫素,微弱木香,Flavor_database
VOL_00270,Lubimin,Lubimin,metabolite,,C15H24O2,Terpenoid,Terpenoid (Sesquiterpenoid),Terpenoid (Sesquiterpenoid),Terpenoid,鲁比明，由维提螺旋二烯氧化生成。,中 - 植物保卫素,微弱木香,Flavor_database
VOL_00271,Geranylacetone,Geranylacetone,metabolite,,C13H22O,Terpenoid,Terpenoid (Diterpenoid degradation product),Terpenoid (Diterpenoid degradation product),Terpenoid,香叶基丙酮，由GGPP或番茄红素裂解生成，具有花香和果香。,高 - 烟草花香和果香的贡献者,花香、果香、甜香、木香,Flavor_database
VOL_00272,6-Methyl-5-hepten-2-one (MHO),6-Methyl-5-hepten-2-one (MHO),metabolite,,C8H14O,Terpenoid,Terpenoid (Diterpenoid degradation product),Terpenoid (Diterpenoid degradation product),Terpenoid,6-甲基-5-庚烯-2-酮(MHO)，由番茄红素或GGPP裂解生成，具有果香和青草香。,高 - 烟草果香和青草香的贡献者,果香、青草香、蘑菇香、甜香,Flavor_database
VOL_00273,6-Methyl-5-hepten-2-ol,6-Methyl-5-hepten-2-ol,metabolite,,C8H16O,Terpenoid,Terpenoid (Diterpenoid degradation product),Terpenoid (Diterpenoid degradation product),Terpenoid,6-甲基-5-庚烯-2-醇，MHO的还原产物。,中高 - 增强烟草果香,果香、花香、甜香,Flavor_database
VOL_00274,Pseudoionone,Pseudoionone,metabolite,,C13H20O,Terpenoid,Terpenoid (Diterpenoid degradation product),Terpenoid (Diterpenoid degradation product),Terpenoid,假紫罗兰酮，由香叶基丙酮异构化或GGPP裂解生成。,中 - 紫罗兰酮前体,花香、果香、木香,Flavor_database
VOL_00275,Geranylacetone epoxide,Geranylacetone epoxide,metabolite,,C13H22O2,Terpenoid,Terpenoid (Diterpenoid degradation product),Terpenoid (Diterpenoid degradation product),Terpenoid,香叶基丙酮环氧化物。,中 - 香气前体,花香、果香,Flavor_database
VOL_00276,"6-Methyl-3,5-heptadien-2-one","6-Methyl-3,5-heptadien-2-one",metabolite,,C8H12O,Terpenoid,Terpenoid (Diterpenoid degradation product),Terpenoid (Diterpenoid degradation product),Terpenoid,"6-甲基-3,5-庚二烯-2-酮，MHO的脱氢产物。",中 - 增强烟草果香,果香、花香、辛香,Flavor_database
VOL_00277,Farnesylacetone,Farnesylacetone,metabolite,,C18H30O,Terpenoid,Terpenoid (Diterpenoid degradation product),Terpenoid (Diterpenoid degradation product),Terpenoid,金合欢基丙酮，由GGPP裂解生成。,中 - 增强烟草木香,木香、花香、甜香,Flavor_database
VOL_00278,"Phytone (6,10,14-Trimethyl-2-pentadecanone)","Phytone (6,10,14-Trimethyl-2-pentadecanone)",metabolite,,C18H36O,Terpenoid,Terpenoid (Diterpenoid degradation product),Terpenoid (Diterpenoid degradation product),Terpenoid,"植酮(6,10,14-三甲基-2-十五烷酮)，由植醇降解生成。",中高 - 增强烟草木香和甜香,木香、甜香、麝香、烟草香,Flavor_database
VOL_00279,Phytadiene,Phytadiene,metabolite,,C20H38,Terpenoid,Terpenoid (Diterpenoid),Terpenoid (Diterpenoid),Terpenoid,植二烯，由植醇脱水生成，是新植二烯的异构体。,高 - 提升烟气醇和度,无显著香气,Flavor_database
VOL_00280,Pristane,Pristane,metabolite,,C19H40,Terpenoid,Terpenoid (Diterpenoid degradation product),Terpenoid (Diterpenoid degradation product),Terpenoid,鲨烯烷，由植醇脱羧和还原生成。,中 - 代谢中间体,无显著香气,Flavor_database
VOL_00281,Phytanic acid,Phytanic acid,metabolite,,C20H40O2,Terpenoid,Terpenoid (Diterpenoid degradation product),Terpenoid (Diterpenoid degradation product),Terpenoid,植烷酸，由植醇氧化生成。,中 - 代谢中间体,无显著香气,Flavor_database
VOL_00282,Squalene,Squalene,metabolite,C00733,C30H50,Terpenoid,Terpenoid (Triterpenoid),Terpenoid (Triterpenoid),Terpenoid,角鲨烯，由两分子FPP缩合生成，是三萜和甾醇的前体。,中高 - 三萜和甾醇前体,微弱油脂香,Flavor_database
VOL_00283,β-Sitosterol,β-Sitosterol,metabolite,,C29H50O,Terpenoid,Terpenoid (Phytosterol),Terpenoid (Phytosterol),Terpenoid,β-谷甾醇，由角鲨烯经环阿乔醇途径生成，是植物甾醇的主要成分。,中 - 植物甾醇,无显著香气,Flavor_database
VOL_00284,Stigmasterol,Stigmasterol,metabolite,,C29H48O,Terpenoid,Terpenoid (Phytosterol),Terpenoid (Phytosterol),Terpenoid,豆甾醇，由β-谷甾醇脱氢生成。,中 - 植物甾醇,无显著香气,Flavor_database
VOL_00285,Campesterol,Campesterol,metabolite,,C28H48O,Terpenoid,Terpenoid (Phytosterol),Terpenoid (Phytosterol),Terpenoid,菜油甾醇，由环阿乔醇途径生成。,中 - 植物甾醇,无显著香气,Flavor_database
VOL_00286,Cholesterol,Cholesterol,metabolite,,C27H46O,Terpenoid,Terpenoid (Sterol),Terpenoid (Sterol),Terpenoid,胆固醇，由植物甾醇脱甲基生成。,中 - 甾醇,无显著香气,Flavor_database
VOL_00287,Ethyl acetate,Ethyl acetate,metabolite,,C4H8O2,Ester,Ester,Ester,Ester,乙酸乙酯，由乙醇和乙酰CoA酯化生成，是烟草果香的重要贡献者。,极高 - 烟草果香和溶剂香的核心成分,果香、溶剂香、甜香、菠萝香,Flavor_database
VOL_00288,Ethyl butyrate,Ethyl butyrate,metabolite,,C6H12O2,Ester,Ester,Ester,Ester,丁酸乙酯，由丁酰CoA和乙醇酯化生成，具有果香。,高 - 烟草果香的贡献者,果香、菠萝香、苹果香、甜香,Flavor_database
VOL_00289,Ethyl hexanoate,Ethyl hexanoate,metabolite,,C8H16O2,Ester,Ester,Ester,Ester,己酸乙酯，由己酰CoA和乙醇酯化生成，具有果香和甜香。,高 - 烟草果香和甜香的贡献者,果香、苹果香、甜香、菠萝香,Flavor_database
VOL_00290,Ethyl octanoate,Ethyl octanoate,metabolite,,C10H20O2,Ester,Ester,Ester,Ester,辛酸乙酯，由辛酰CoA和乙醇酯化生成，具有果香和蜡香。,高 - 烟草果香和蜡香的贡献者,果香、蜡香、甜香、柑橘香,Flavor_database
VOL_00291,Ethyl decanoate,Ethyl decanoate,metabolite,,C12H24O2,Ester,Ester,Ester,Ester,癸酸乙酯，由癸酰CoA和乙醇酯化生成，具有果香和蜡香。,中高 - 增强烟草果香和蜡香,果香、蜡香、甜香、花香,Flavor_database
VOL_00292,Ethyl dodecanoate,Ethyl dodecanoate,metabolite,,C14H28O2,Ester,Ester,Ester,Ester,月桂酸乙酯，由月桂酰CoA和乙醇酯化生成。,中 - 增强烟草蜡香,蜡香、果香、花香,Flavor_database
VOL_00293,Ethyl tetradecanoate (Ethyl myristate),Ethyl tetradecanoate (Ethyl myristate),metabolite,,C16H32O2,Ester,Ester,Ester,Ester,肉豆蔻酸乙酯。,中 - 增强烟草蜡香,蜡香、微弱果香,Flavor_database
VOL_00294,Ethyl hexadecanoate (Ethyl palmitate),Ethyl hexadecanoate (Ethyl palmitate),metabolite,,C18H36O2,Ester,Ester,Ester,Ester,棕榈酸乙酯。,中 - 增强烟草蜡香,蜡香、微弱果香,Flavor_database
VOL_00295,Ethyl octadecanoate (Ethyl stearate),Ethyl octadecanoate (Ethyl stearate),metabolite,,C20H40O2,Ester,Ester,Ester,Ester,硬脂酸乙酯。,中 - 增强烟草蜡香,蜡香、微弱甜香,Flavor_database
VOL_00296,Ethyl oleate,Ethyl oleate,metabolite,,C20H38O2,Ester,Ester,Ester,Ester,油酸乙酯。,中 - 增强烟草蜡香,蜡香、微弱果香,Flavor_database
VOL_00297,Ethyl linoleate,Ethyl linoleate,metabolite,,C20H36O2,Ester,Ester,Ester,Ester,亚油酸乙酯。,中 - 增强烟草蜡香,蜡香、微弱果香,Flavor_database
VOL_00298,Ethyl lactate,Ethyl lactate,metabolite,,C5H10O3,Ester,Ester,Ester,Ester,乳酸乙酯，由乳酸和乙醇酯化生成，具有果香和奶香。,高 - 烟草果香和奶香的贡献者,果香、奶香、甜香、黄油香,Flavor_database
VOL_00299,Ethyl 3-hydroxybutyrate,Ethyl 3-hydroxybutyrate,metabolite,,C6H12O3,Ester,Ester,Ester,Ester,3-羟基丁酸乙酯，由3-羟基丁酰CoA和乙醇酯化生成。,中 - 增强烟草果香,果香、甜香、花香,Flavor_database
VOL_00300,Ethyl 2-methylbutyrate,Ethyl 2-methylbutyrate,metabolite,,C7H14O2,Ester,Ester,Ester,Ester,2-甲基丁酸乙酯，由2-甲基丁酰CoA和乙醇酯化生成，具有果香。,高 - 烟草果香的贡献者,果香、苹果香、甜香、菠萝香,Flavor_database
